Workbook

Sheet Standings
C2: Name | D2: Total
C3: Gunter | D3: ='Total Points'!C24 -> 42 | E3: x
C4: Uncle Joe | D4: ='Total Points'!E24 -> 41.5 | E4: x
C5: Tbone | D5: ='Total Points'!L24 -> 39.9 | E5: x
C6: Tim | D6: ='Total Points'!B24 -> 38.4 | E6: x
C7: Ben | D7: ='Total Points'!J24 -> 37.2 | E7: x
C8: Vince | D8: ='Total Points'!P24 -> 34.9 | E8: x
C9: Andrew | D9: ='Total Points'!K24 -> 32.1 | E9: x
C10: Harvey | D10: ='Total Points'!U24 -> 32 | E10: x
C11: Tophe | D11: ='Total Points'!R24 -> 28.6 | E11: x
C12: Matt F | D12: ='Total Points'!O24 -> 27.6 | E12: x
C13: Eli | D13: ='Total Points'!F24 -> 26.8 | E13: x
C14: Pete | D14: ='Total Points'!S24 -> 26.3 | E14: x
C15: Tom K | D15: ='Total Points'!D24 -> 26.05 | E15: x
C16: Tommy | D16: ='Total Points'!I24 -> 26 | E16: x
C17: Uncle Mike | D17: ='Total Points'!Q24 -> 25.6 | E17: x
C18: Dan | D18: ='Total Points'!H24 -> 24.25 | E18: x
C19: Oaks | D19: ='Total Points'!N24 -> 22.4
C20: Matt D | D20: ='Total Points'!G24 -> 21.9 | E20: x
C21: Trock | D21: ='Total Points'!M24 -> 21.6 | E21: x
C22: Jimmy D | D22: ='Total Points'!T24 -> 20.5

Sheet Golf
A1: Gettysburg National Golf Club
A2: Friday, August 18th 2022
C4: 1 | D4: 2 | E4: 3 | F4: 4 | G4: 5 | H4: 6 | I4: 7 | J4: 8 | K4: 9 | L4: In | N4: 10 | O4: 11 | P4: 12 | Q4: 13 | R4: 14 | S4: 15 | T4: 16 | U4: 17 | V4: 18 | W4: In | X4: Out
A5: White Tees | B5: Yards | C5: 485 | D5: 380 | E5: 145 | F5: 562 | G5: 184 | H5: 322 | I5: 385 | J5: 200 | K5: 471 | L5: =SUM(C5:K5) -> 3134 | M5: Yards | N5: 373 | O5: 193 | P5: 524 | Q5: 402 | R5: 405 | S5: 167 | T5: 425 | U5: 537 | V5: 170 | W5: =SUM(N5:V5) -> 3196 | X5: Total
C6: 4 | D6: 4 | E6: 3 | F6: 4 | G6: 4 | H6: 4 | I6: 3 | J6: 5 | K6: 4 | L6: =SUM(C6:K6) -> 35 | M6: Par | N6: 4 | O6: 4 | P6: 3 | Q6: 4 | R6: 5 | S6: 4 | T6: 4 | U6: 3 | V6: 5 | W6: =SUM(N6:V6) -> 36
B7: Handicap | C7: 6 | D7: 10 | E7: 18 | F7: 12 | G7: 8 | H7: 2 | I7: 16 | J7: 4 | K7: 14 | M7: Handicap | N7: 11 | O7: 5 | P7: 15 | Q7: 7 | R7: 9 | S7: 13 | T7: 1 | U7: 17 | V7: 3
A8: Eli | B8: Gross Score | C8: 4 | D8: 4 | E8: 4 | F8: 4 | G8: 4 | H8: 6 | I8: 4 | J8: 8 | K8: 6 | L8: =SUM(C8:K8) -> 44 | M8: Gross Score | N8: 4 | O8: 4 | P8: 3 | Q8: 5 | R8: 6 | S8: 4 | T8: 5 | U8: 3 | V8: 5 | W8: =SUM(N8:V8) -> 39 | X8: =L8+W8 -> 83
A9: 2 | B9: Handicap | H9: -1 | L9: =SUM(C9:K9) -> -1 | M9: Handicap | T9: -1 | W9: =SUM(N9:V9) -> -1 | X9: =L9+W9 -> -2
B10: Net Score | C10: =SUM(C8:C9) -> 4 | D10: =SUM(D8:D9) -> 4 | E10: =SUM(E8:E9) -> 4 | F10: =SUM(F8:F9) -> 4 | G10: =SUM(G8:G9) -> 4 | H10: =SUM(H8:H9) -> 5 | I10: =SUM(I8:I9) -> 4 | J10: =SUM(J8:J9) -> 8 | K10: =SUM(K8:K9) -> 6 | L10: =SUM(C10:K10) -> 43 | M10: Net Score | N10: =SUM(N8:N9) -> 4 | O10: =SUM(O8:O9) -> 4 | P10: =SUM(P8:P9) -> 3 | Q10: =SUM(Q8:Q9) -> 5 | R10: =SUM(R8:R9) -> 6 | S10: =SUM(S8:S9) -> 4 | T10: =SUM(T8:T9) -> 4 | U10: =SUM(U8:U9) -> 3 | V10: =SUM(V8:V9) -> 5 | W10: =SUM(N10:V10) -> 38 | X10: =L10+W10 -> 81
B11: Points | C11: =IF(C10=0,0,IF(C10-C6=-3,3,IF(C10-C6=-2,1.5,IF(C10-C6=-1,0.8,IF(C10-C6=0,0.4,IF(C10-C6=1,0,IF(C10-C6<=2>15,0,_xludf.IF))))))) -> 0.4 | D11: =IF(D10=0,0,IF(D10-D6=-3,3,IF(D10-D6=-2,1.5,IF(D10-D6=-1,0.8,IF(D10-D6=0,0.4,IF(D10-D6=1,0,IF(D10-D6<=2>15,0,_xludf.IF))))))) -> 0.4 | E11: =IF(E10=0,0,IF(E10-E6=-3,3,IF(E10-E6=-2,1.5,IF(E10-E6=-1,0.8,IF(E10-E6=0,0.4,IF(E10-E6=1,0,IF(E10-E6<=2>15,0,_xludf.IF))))))) -> 0 | F11: =IF(F10=0,0,IF(F10-F6=-3,3,IF(F10-F6=-2,1.5,IF(F10-F6=-1,0.8,IF(F10-F6=0,0.4,IF(F10-F6=1,0,IF(F10-F6<=2>15,0,_xludf.IF))))))) -> 0.4 | G11: =IF(G10=0,0,IF(G10-G6=-3,3,IF(G10-G6=-2,1.5,IF(G10-G6=-1,0.8,IF(G10-G6=0,0.4,IF(G10-G6=1,0,IF(G10-G6<=2>15,0,_xludf.IF))))))) -> 0.4 | H11: =IF(H10=0,0,IF(H10-H6=-3,3,IF(H10-H6=-2,1.5,IF(H10-H6=-1,0.8,IF(H10-H6=0,0.4,IF(H10-H6=1,0,IF(H10-H6<=2>15,0,_xludf.IF))))))) -> 0 | I11: =IF(I10=0,0,IF(I10-I6=-3,3,IF(I10-I6=-2,1.5,IF(I10-I6=-1,0.8,IF(I10-I6=0,0.4,IF(I10-I6=1,0,IF(I10-I6<=2>15,0,_xludf.IF))))))) -> 0 | J11: =IF(J10=0,0,IF(J10-J6=-3,3,IF(J10-J6=-2,1.5,IF(J10-J6=-1,0.8,IF(J10-J6=0,0.4,IF(J10-J6=1,0,IF(J10-J6<=2>15,0,_xludf.IF))))))) -> 0 | K11: =IF(K10=0,0,IF(K10-K6=-3,3,IF(K10-K6=-2,1.5,IF(K10-K6=-1,0.8,IF(K10-K6=0,0.4,IF(K10-K6=1,0,IF(K10-K6<=2>15,0,_xludf.IF))))))) -> 0 | L11: =SUM(C11:K11) -> 1.6 | M11: Points | N11: =IF(N10=0,0,IF(N10-N6=-3,3,IF(N10-N6=-2,1.5,IF(N10-N6=-1,0.8,IF(N10-N6=0,0.4,IF(N10-N6=1,0,IF(N10-N6<=2>15,0,_xludf.IF))))))) -> 0.4 | O11: =IF(O10=0,0,IF(O10-O6=-3,3,IF(O10-O6=-2,1.5,IF(O10-O6=-1,0.8,IF(O10-O6=0,0.4,IF(O10-O6=1,0,IF(O10-O6<=2>15,0,_xludf.IF))))))) -> 0.4 | P11: =IF(P10=0,0,IF(P10-P6=-3,3,IF(P10-P6=-2,1.5,IF(P10-P6=-1,0.8,IF(P10-P6=0,0.4,IF(P10-P6=1,0,IF(P10-P6<=2>15,0,_xludf.IF))))))) -> 0.4 | Q11: =IF(Q10=0,0,IF(Q10-Q6=-3,3,IF(Q10-Q6=-2,1.5,IF(Q10-Q6=-1,0.8,IF(Q10-Q6=0,0.4,IF(Q10-Q6=1,0,IF(Q10-Q6<=2>15,0,_xludf.IF))))))) -> 0 | R11: =IF(R10=0,0,IF(R10-R6=-3,3,IF(R10-R6=-2,1.5,IF(R10-R6=-1,0.8,IF(R10-R6=0,0.4,IF(R10-R6=1,0,IF(R10-R6<=2>15,0,_xludf.IF))))))) -> 0 | S11: =IF(S10=0,0,IF(S10-S6=-3,3,IF(S10-S6=-2,1.5,IF(S10-S6=-1,0.8,IF(S10-S6=0,0.4,IF(S10-S6=1,0,IF(S10-S6<=2>15,0,_xludf.IF))))))) -> 0.4 | T11: =IF(T10=0,0,IF(T10-T6=-3,3,IF(T10-T6=-2,1.5,IF(T10-T6=-1,0.8,IF(T10-T6=0,0.4,IF(T10-T6=1,0,IF(T10-T6<=2>15,0,_xludf.IF))))))) -> 0.4 | U11: =IF(U10=0,0,IF(U10-U6=-3,3,IF(U10-U6=-2,1.5,IF(U10-U6=-1,0.8,IF(U10-U6=0,0.4,IF(U10-U6=1,0,IF(U10-U6<=2>15,0,_xludf.IF))))))) -> 0.4 | V11: =IF(V10=0,0,IF(V10-V6=-3,3,IF(V10-V6=-2,1.5,IF(V10-V6=-1,0.8,IF(V10-V6=0,0.4,IF(V10-V6=1,0,IF(V10-V6<=2>15,0,_xludf.IF))))))) -> 0.4 | W11: =SUM(N11:V11) -> 2.8 | X11: =L11+W11 -> 4.4
A12: Matt | B12: Gross Score | C12: 5 | D12: 6 | E12: 4 | F12: 4 | G12: 6 | H12: 5 | I12: 4 | J12: 6 | K12: 6 | L12: =SUM(C12:K12) -> 46 | M12: Gross Score | N12: 7 | O12: 6 | P12: 3 | Q12: 4 | R12: 8 | S12: 6 | T12: 5 | U12: 5 | V12: 5 | W12: =SUM(N12:V12) -> 49 | X12: =L12+W12 -> 95
A13: 5 | B13: Handicap | H13: -1 | J13: -1 | L13: =SUM(C13:K13) -> -2 | M13: Handicap | O13: -1 | T13: -1 | V13: -1 | W13: =SUM(N13:V13) -> -3 | X13: =L13+W13 -> -5
B14: Net Score | C14: =SUM(C12:C13) -> 5 | D14: =SUM(D12:D13) -> 6 | E14: =SUM(E12:E13) -> 4 | F14: =SUM(F12:F13) -> 4 | G14: =SUM(G12:G13) -> 6 | H14: =SUM(H12:H13) -> 4 | I14: =SUM(I12:I13) -> 4 | J14: =SUM(J12:J13) -> 5 | K14: =SUM(K12:K13) -> 6 | L14: =SUM(C14:K14) -> 44 | M14: Net Score | N14: =SUM(N12:N13) -> 7 | O14: =SUM(O12:O13) -> 5 | P14: =SUM(P12:P13) -> 3 | Q14: =SUM(Q12:Q13) -> 4 | R14: =SUM(R12:R13) -> 8 | S14: =SUM(S12:S13) -> 6 | T14: =SUM(T12:T13) -> 4 | U14: =SUM(U12:U13) -> 5 | V14: =SUM(V12:V13) -> 4 | W14: =SUM(N14:V14) -> 46 | X14: =L14+W14 -> 90
B15: Points | C15: =IF(C14=0,0,IF(C14-C6=-3,3,IF(C14-C6=-2,1.5,IF(C14-C6=-1,0.8,IF(C14-C6=0,0.4,IF(C14-C6=1,0,IF(C14-C6<=2>15,0,_xludf.IF))))))) -> 0 | D15: =IF(D14=0,0,IF(D14-D6=-3,3,IF(D14-D6=-2,1.5,IF(D14-D6=-1,0.8,IF(D14-D6=0,0.4,IF(D14-D6=1,0,IF(D14-D6<=2>15,0,_xludf.IF))))))) -> 0 | E15: =IF(E14=0,0,IF(E14-E6=-3,3,IF(E14-E6=-2,1.5,IF(E14-E6=-1,0.8,IF(E14-E6=0,0.4,IF(E14-E6=1,0,IF(E14-E6<=2>15,0,_xludf.IF))))))) -> 0 | F15: =IF(F14=0,0,IF(F14-F6=-3,3,IF(F14-F6=-2,1.5,IF(F14-F6=-1,0.8,IF(F14-F6=0,0.4,IF(F14-F6=1,0,IF(F14-F6<=2>15,0,_xludf.IF))))))) -> 0.4 | G15: =IF(G14=0,0,IF(G14-G6=-3,3,IF(G14-G6=-2,1.5,IF(G14-G6=-1,0.8,IF(G14-G6=0,0.4,IF(G14-G6=1,0,IF(G14-G6<=2>15,0,_xludf.IF))))))) -> 0 | H15: =IF(H14=0,0,IF(H14-H6=-3,3,IF(H14-H6=-2,1.5,IF(H14-H6=-1,0.8,IF(H14-H6=0,0.4,IF(H14-H6=1,0,IF(H14-H6<=2>15,0,_xludf.IF))))))) -> 0.4 | I15: =IF(I14=0,0,IF(I14-I6=-3,3,IF(I14-I6=-2,1.5,IF(I14-I6=-1,0.8,IF(I14-I6=0,0.4,IF(I14-I6=1,0,IF(I14-I6<=2>15,0,_xludf.IF))))))) -> 0 | J15: =IF(J14=0,0,IF(J14-J6=-3,3,IF(J14-J6=-2,1.5,IF(J14-J6=-1,0.8,IF(J14-J6=0,0.4,IF(J14-J6=1,0,IF(J14-J6<=2>15,0,_xludf.IF))))))) -> 0.4 | K15: =IF(K14=0,0,IF(K14-K6=-3,3,IF(K14-K6=-2,1.5,IF(K14-K6=-1,0.8,IF(K14-K6=0,0.4,IF(K14-K6=1,0,IF(K14-K6<=2>15,0,_xludf.IF))))))) -> 0 | L15: =SUM(C15:K15) -> 1.2 | M15: Points | N15: =IF(N14=0,0,IF(N14-N6=-3,3,IF(N14-N6=-2,1.5,IF(N14-N6=-1,0.8,IF(N14-N6=0,0.4,IF(N14-N6=1,0,IF(N14-N6<=2>15,0,_xludf.IF))))))) -> 0 | O15: =IF(O14=0,0,IF(O14-O6=-3,3,IF(O14-O6=-2,1.5,IF(O14-O6=-1,0.8,IF(O14-O6=0,0.4,IF(O14-O6=1,0,IF(O14-O6<=2>15,0,_xludf.IF))))))) -> 0 | P15: =IF(P14=0,0,IF(P14-P6=-3,3,IF(P14-P6=-2,1.5,IF(P14-P6=-1,0.8,IF(P14-P6=0,0.4,IF(P14-P6=1,0,IF(P14-P6<=2>15,0,_xludf.IF))))))) -> 0.4 | Q15: =IF(Q14=0,0,IF(Q14-Q6=-3,3,IF(Q14-Q6=-2,1.5,IF(Q14-Q6=-1,0.8,IF(Q14-Q6=0,0.4,IF(Q14-Q6=1,0,IF(Q14-Q6<=2>15,0,_xludf.IF))))))) -> 0.4 | R15: =IF(R14=0,0,IF(R14-R6=-3,3,IF(R14-R6=-2,1.5,IF(R14-R6=-1,0.8,IF(R14-R6=0,0.4,IF(R14-R6=1,0,IF(R14-R6<=2>15,0,_xludf.IF))))))) -> 0 | S15: =IF(S14=0,0,IF(S14-S6=-3,3,IF(S14-S6=-2,1.5,IF(S14-S6=-1,0.8,IF(S14-S6=0,0.4,IF(S14-S6=1,0,IF(S14-S6<=2>15,0,_xludf.IF))))))) -> 0 | T15: =IF(T14=0,0,IF(T14-T6=-3,3,IF(T14-T6=-2,1.5,IF(T14-T6=-1,0.8,IF(T14-T6=0,0.4,IF(T14-T6=1,0,IF(T14-T6<=2>15,0,_xludf.IF))))))) -> 0.4 | U15: =IF(U14=0,0,IF(U14-U6=-3,3,IF(U14-U6=-2,1.5,IF(U14-U6=-1,0.8,IF(U14-U6=0,0.4,IF(U14-U6=1,0,IF(U14-U6<=2>15,0,_xludf.IF))))))) -> 0 | V15: =IF(V14=0,0,IF(V14-V6=-3,3,IF(V14-V6=-2,1.5,IF(V14-V6=-1,0.8,IF(V14-V6=0,0.4,IF(V14-V6=1,0,IF(V14-V6<=2>15,0,_xludf.IF))))))) -> 0.8 | W15: =SUM(N15:V15) -> 2 | X15: =L15+W15 -> 3.2
A16: Dan | B16: Gross Score | C16: 5 | D16: 5 | E16: 6 | F16: 5 | G16: 5 | H16: 5 | I16: 5 | J16: 5 | K16: 4 | L16: =SUM(C16:K16) -> 45 | M16: Gross Score | N16: 5 | O16: 5 | P16: 4 | Q16: 6 | R16: 8 | S16: 8 | T16: 7 | U16: 3 | V16: 8 | W16: =SUM(N16:V16) -> 54 | X16: =L16+W16 -> 99
A17: 12 | B17: Handicap | C17: -1 | D17: -1 | F17: -1 | G17: -1 | H17: -1 | J17: -1 | L17: =SUM(C17:K17) -> -6 | M17: Handicap | N17: -1 | O17: -1 | Q17: -1 | R17: -1 | T17: -1 | V17: -1 | W17: =SUM(N17:V17) -> -6 | X17: =L17+W17 -> -12
B18: Net Score | C18: =SUM(C16:C17) -> 4 | D18: =SUM(D16:D17) -> 4 | E18: =SUM(E16:E17) -> 6 | F18: =SUM(F16:F17) -> 4 | G18: =SUM(G16:G17) -> 4 | H18: =SUM(H16:H17) -> 4 | I18: =SUM(I16:I17) -> 5 | J18: =SUM(J16:J17) -> 4 | K18: =SUM(K16:K17) -> 4 | L18: =SUM(C18:K18) -> 39 | M18: Net Score | N18: =SUM(N16:N17) -> 4 | O18: =SUM(O16:O17) -> 4 | P18: =SUM(P16:P17) -> 4 | Q18: =SUM(Q16:Q17) -> 5 | R18: =SUM(R16:R17) -> 7 | S18: =SUM(S16:S17) -> 8 | T18: =SUM(T16:T17) -> 6 | U18: =SUM(U16:U17) -> 3 | V18: =SUM(V16:V17) -> 7 | W18: =SUM(N18:V18) -> 48 | X18: =L18+W18 -> 87
B19: Points | C19: =IF(C18=0,0,IF(C18-C6=-3,3,IF(C18-C6=-2,1.5,IF(C18-C6=-1,0.8,IF(C18-C6=0,0.4,IF(C18-C6=1,0,IF(C18-C6<=2>15,0,_xludf.IF))))))) -> 0.4 | D19: =IF(D18=0,0,IF(D18-D6=-3,3,IF(D18-D6=-2,1.5,IF(D18-D6=-1,0.8,IF(D18-D6=0,0.4,IF(D18-D6=1,0,IF(D18-D6<=2>15,0,_xludf.IF))))))) -> 0.4 | E19: =IF(E18=0,0,IF(E18-E6=-3,3,IF(E18-E6=-2,1.5,IF(E18-E6=-1,0.8,IF(E18-E6=0,0.4,IF(E18-E6=1,0,IF(E18-E6<=2>15,0,_xludf.IF))))))) -> 0 | F19: =IF(F18=0,0,IF(F18-F6=-3,3,IF(F18-F6=-2,1.5,IF(F18-F6=-1,0.8,IF(F18-F6=0,0.4,IF(F18-F6=1,0,IF(F18-F6<=2>15,0,_xludf.IF))))))) -> 0.4 | G19: =IF(G18=0,0,IF(G18-G6=-3,3,IF(G18-G6=-2,1.5,IF(G18-G6=-1,0.8,IF(G18-G6=0,0.4,IF(G18-G6=1,0,IF(G18-G6<=2>15,0,_xludf.IF))))))) -> 0.4 | H19: =IF(H18=0,0,IF(H18-H6=-3,3,IF(H18-H6=-2,1.5,IF(H18-H6=-1,0.8,IF(H18-H6=0,0.4,IF(H18-H6=1,0,IF(H18-H6<=2>15,0,_xludf.IF))))))) -> 0.4 | I19: =IF(I18=0,0,IF(I18-I6=-3,3,IF(I18-I6=-2,1.5,IF(I18-I6=-1,0.8,IF(I18-I6=0,0.4,IF(I18-I6=1,0,IF(I18-I6<=2>15,0,_xludf.IF))))))) -> 0 | J19: =IF(J18=0,0,IF(J18-J6=-3,3,IF(J18-J6=-2,1.5,IF(J18-J6=-1,0.8,IF(J18-J6=0,0.4,IF(J18-J6=1,0,IF(J18-J6<=2>15,0,_xludf.IF))))))) -> 0.8 | K19: =IF(K18=0,0,IF(K18-K6=-3,3,IF(K18-K6=-2,1.5,IF(K18-K6=-1,0.8,IF(K18-K6=0,0.4,IF(K18-K6=1,0,IF(K18-K6<=2>15,0,_xludf.IF))))))) -> 0.4 | L19: =SUM(C19:K19) -> 3.2 | M19: Points | N19: =IF(N18=0,0,IF(N18-N6=-3,3,IF(N18-N6=-2,1.5,IF(N18-N6=-1,0.8,IF(N18-N6=0,0.4,IF(N18-N6=1,0,IF(N18-N6<=2>15,0,_xludf.IF))))))) -> 0.4 | O19: =IF(O18=0,0,IF(O18-O6=-3,3,IF(O18-O6=-2,1.5,IF(O18-O6=-1,0.8,IF(O18-O6=0,0.4,IF(O18-O6=1,0,IF(O18-O6<=2>15,0,_xludf.IF))))))) -> 0.4 | P19: =IF(P18=0,0,IF(P18-P6=-3,3,IF(P18-P6=-2,1.5,IF(P18-P6=-1,0.8,IF(P18-P6=0,0.4,IF(P18-P6=1,0,IF(P18-P6<=2>15,0,_xludf.IF))))))) -> 0 | Q19: =IF(Q18=0,0,IF(Q18-Q6=-3,3,IF(Q18-Q6=-2,1.5,IF(Q18-Q6=-1,0.8,IF(Q18-Q6=0,0.4,IF(Q18-Q6=1,0,IF(Q18-Q6<=2>15,0,_xludf.IF))))))) -> 0 | R19: =IF(R18=0,0,IF(R18-R6=-3,3,IF(R18-R6=-2,1.5,IF(R18-R6=-1,0.8,IF(R18-R6=0,0.4,IF(R18-R6=1,0,IF(R18-R6<=2>15,0,_xludf.IF))))))) -> 0 | S19: =IF(S18=0,0,IF(S18-S6=-3,3,IF(S18-S6=-2,1.5,IF(S18-S6=-1,0.8,IF(S18-S6=0,0.4,IF(S18-S6=1,0,IF(S18-S6<=2>15,0,_xludf.IF))))))) -> 0 | T19: =IF(T18=0,0,IF(T18-T6=-3,3,IF(T18-T6=-2,1.5,IF(T18-T6=-1,0.8,IF(T18-T6=0,0.4,IF(T18-T6=1,0,IF(T18-T6<=2>15,0,_xludf.IF))))))) -> 0 | U19: =IF(U18=0,0,IF(U18-U6=-3,3,IF(U18-U6=-2,1.5,IF(U18-U6=-1,0.8,IF(U18-U6=0,0.4,IF(U18-U6=1,0,IF(U18-U6<=2>15,0,_xludf.IF))))))) -> 0.4 | V19: =IF(V18=0,0,IF(V18-V6=-3,3,IF(V18-V6=-2,1.5,IF(V18-V6=-1,0.8,IF(V18-V6=0,0.4,IF(V18-V6=1,0,IF(V18-V6<=2>15,0,_xludf.IF))))))) -> 0 | W19: =SUM(N19:V19) -> 1.2 | X19: =L19+W19 -> 4.4
A20: Tommy | B20: Gross Score | C20: 7 | D20: 5 | E20: 5 | F20: 4 | G20: 6 | H20: 7 | I20: 3 | J20: 7 | K20: 4 | L20: =SUM(C20:K20) -> 48 | M20: Gross Score | N20: 4 | O20: 5 | P20: 5 | Q20: 5 | R20: 5 | S20: 4 | T20: 7 | U20: 4 | V20: 6 | W20: =SUM(N20:V20) -> 45 | X20: =L20+W20 -> 93
A21: 14 | B21: Handicap | C21: -1 | D21: -1 | F21: -1 | G21: -1 | H21: -1 | J21: -1 | K21: -1 | L21: =SUM(C21:K21) -> -7 | M21: Handicap | N21: -1 | O21: -1 | Q21: -1 | R21: -1 | S21: -1 | T21: -1 | V21: -1 | W21: =SUM(N21:V21) -> -7 | X21: =L21+W21 -> -14
B22: Net Score | C22: =SUM(C20:C21) -> 6 | D22: =SUM(D20:D21) -> 4 | E22: =SUM(E20:E21) -> 5 | F22: =SUM(F20:F21) -> 3 | G22: =SUM(G20:G21) -> 5 | H22: =SUM(H20:H21) -> 6 | I22: =SUM(I20:I21) -> 3 | J22: =SUM(J20:J21) -> 6 | K22: =SUM(K20:K21) -> 3 | L22: =SUM(C22:K22) -> 41 | M22: Net Score | N22: =SUM(N20:N21) -> 3 | O22: =SUM(O20:O21) -> 4 | P22: =SUM(P20:P21) -> 5 | Q22: =SUM(Q20:Q21) -> 4 | R22: =SUM(R20:R21) -> 4 | S22: =SUM(S20:S21) -> 3 | T22: =SUM(T20:T21) -> 6 | U22: =SUM(U20:U21) -> 4 | V22: =SUM(V20:V21) -> 5 | W22: =SUM(N22:V22) -> 38 | X22: =L22+W22 -> 79
B23: Points | C23: =IF(C22=0,0,IF(C22-C6=-3,3,IF(C22-C6=-2,1.5,IF(C22-C6=-1,0.8,IF(C22-C6=0,0.4,IF(C22-C6=1,0,IF(C22-C6<=2>15,0,_xludf.IF))))))) -> 0 | D23: =IF(D22=0,0,IF(D22-D6=-3,3,IF(D22-D6=-2,1.5,IF(D22-D6=-1,0.8,IF(D22-D6=0,0.4,IF(D22-D6=1,0,IF(D22-D6<=2>15,0,_xludf.IF))))))) -> 0.4 | E23: =IF(E22=0,0,IF(E22-E6=-3,3,IF(E22-E6=-2,1.5,IF(E22-E6=-1,0.8,IF(E22-E6=0,0.4,IF(E22-E6=1,0,IF(E22-E6<=2>15,0,_xludf.IF))))))) -> 0 | F23: =IF(F22=0,0,IF(F22-F6=-3,3,IF(F22-F6=-2,1.5,IF(F22-F6=-1,0.8,IF(F22-F6=0,0.4,IF(F22-F6=1,0,IF(F22-F6<=2>15,0,_xludf.IF))))))) -> 0.8 | G23: =IF(G22=0,0,IF(G22-G6=-3,3,IF(G22-G6=-2,1.5,IF(G22-G6=-1,0.8,IF(G22-G6=0,0.4,IF(G22-G6=1,0,IF(G22-G6<=2>15,0,_xludf.IF))))))) -> 0 | H23: =IF(H22=0,0,IF(H22-H6=-3,3,IF(H22-H6=-2,1.5,IF(H22-H6=-1,0.8,IF(H22-H6=0,0.4,IF(H22-H6=1,0,IF(H22-H6<=2>15,0,_xludf.IF))))))) -> 0 | I23: =IF(I22=0,0,IF(I22-I6=-3,3,IF(I22-I6=-2,1.5,IF(I22-I6=-1,0.8,IF(I22-I6=0,0.4,IF(I22-I6=1,0,IF(I22-I6<=2>15,0,_xludf.IF))))))) -> 0.4 | J23: =IF(J22=0,0,IF(J22-J6=-3,3,IF(J22-J6=-2,1.5,IF(J22-J6=-1,0.8,IF(J22-J6=0,0.4,IF(J22-J6=1,0,IF(J22-J6<=2>15,0,_xludf.IF))))))) -> 0 | K23: =IF(K22=0,0,IF(K22-K6=-3,3,IF(K22-K6=-2,1.5,IF(K22-K6=-1,0.8,IF(K22-K6=0,0.4,IF(K22-K6=1,0,IF(K22-K6<=2>15,0,_xludf.IF))))))) -> 0.8 | L23: =SUM(C23:K23) -> 2.4 | M23: Points | N23: =IF(N22=0,0,IF(N22-N6=-3,3,IF(N22-N6=-2,1.5,IF(N22-N6=-1,0.8,IF(N22-N6=0,0.4,IF(N22-N6=1,0,IF(N22-N6<=2>15,0,_xludf.IF))))))) -> 0.8 | O23: =IF(O22=0,0,IF(O22-O6=-3,3,IF(O22-O6=-2,1.5,IF(O22-O6=-1,0.8,IF(O22-O6=0,0.4,IF(O22-O6=1,0,IF(O22-O6<=2>15,0,_xludf.IF))))))) -> 0.4 | P23: =IF(P22=0,0,IF(P22-P6=-3,3,IF(P22-P6=-2,1.5,IF(P22-P6=-1,0.8,IF(P22-P6=0,0.4,IF(P22-P6=1,0,IF(P22-P6<=2>15,0,_xludf.IF))))))) -> 0 | Q23: =IF(Q22=0,0,IF(Q22-Q6=-3,3,IF(Q22-Q6=-2,1.5,IF(Q22-Q6=-1,0.8,IF(Q22-Q6=0,0.4,IF(Q22-Q6=1,0,IF(Q22-Q6<=2>15,0,_xludf.IF))))))) -> 0.4 | R23: =IF(R22=0,0,IF(R22-R6=-3,3,IF(R22-R6=-2,1.5,IF(R22-R6=-1,0.8,IF(R22-R6=0,0.4,IF(R22-R6=1,0,IF(R22-R6<=2>15,0,_xludf.IF))))))) -> 0.8 | S23: =IF(S22=0,0,IF(S22-S6=-3,3,IF(S22-S6=-2,1.5,IF(S22-S6=-1,0.8,IF(S22-S6=0,0.4,IF(S22-S6=1,0,IF(S22-S6<=2>15,0,_xludf.IF))))))) -> 0.8 | T23: =IF(T22=0,0,IF(T22-T6=-3,3,IF(T22-T6=-2,1.5,IF(T22-T6=-1,0.8,IF(T22-T6=0,0.4,IF(T22-T6=1,0,IF(T22-T6<=2>15,0,_xludf.IF))))))) -> 0 | U23: =IF(U22=0,0,IF(U22-U6=-3,3,IF(U22-U6=-2,1.5,IF(U22-U6=-1,0.8,IF(U22-U6=0,0.4,IF(U22-U6=1,0,IF(U22-U6<=2>15,0,_xludf.IF))))))) -> 0 | V23: =IF(V22=0,0,IF(V22-V6=-3,3,IF(V22-V6=-2,1.5,IF(V22-V6=-1,0.8,IF(V22-V6=0,0.4,IF(V22-V6=1,0,IF(V22-V6<=2>15,0,_xludf.IF))))))) -> 0.4 | W23: =SUM(N23:V23) -> 3.6 | X23: =L23+W23 -> 6
A24: Oaks | B24: Gross Score | C24: 7 | D24: 5 | E24: 3 | F24: 5 | G24: 5 | H24: 6 | I24: 4 | J24: 5 | K24: 8 | L24: =SUM(C24:K24) -> 48 | M24: Gross Score | N24: 4 | O24: 7 | P24: 4 | Q24: 5 | R24: 6 | S24: 5 | T24: 5 | U24: 4 | V24: 6 | W24: =SUM(N24:V24) -> 46 | X24: =L24+W24 -> 94
A25: 4 | B25: Handicap | H25: -1 | J25: -1 | L25: =SUM(C25:K25) -> -2 | M25: Handicap | T25: -1 | V25: -1 | W25: =SUM(N25:V25) -> -2 | X25: =L25+W25 -> -4
B26: Net Score | C26: =SUM(C24:C25) -> 7 | D26: =SUM(D24:D25) -> 5 | E26: =SUM(E24:E25) -> 3 | F26: =SUM(F24:F25) -> 5 | G26: =SUM(G24:G25) -> 5 | H26: =SUM(H24:H25) -> 5 | I26: =SUM(I24:I25) -> 4 | J26: =SUM(J24:J25) -> 4 | K26: =SUM(K24:K25) -> 8 | L26: =SUM(C26:K26) -> 46 | M26: Net Score | N26: =SUM(N24:N25) -> 4 | O26: =SUM(O24:O25) -> 7 | P26: =SUM(P24:P25) -> 4 | Q26: =SUM(Q24:Q25) -> 5 | R26: =SUM(R24:R25) -> 6 | S26: =SUM(S24:S25) -> 5 | T26: =SUM(T24:T25) -> 4 | U26: =SUM(U24:U25) -> 4 | V26: =SUM(V24:V25) -> 5 | W26: =SUM(N26:V26) -> 44 | X26: =L26+W26 -> 90
B27: Points | C27: =IF(C26=0,0,IF(C26-C6=-3,3,IF(C26-C6=-2,1.5,IF(C26-C6=-1,0.8,IF(C26-C6=0,0.4,IF(C26-C6=1,0,IF(C26-C6<=2>15,0,_xludf.IF))))))) -> 0 | D27: =IF(D26=0,0,IF(D26-D6=-3,3,IF(D26-D6=-2,1.5,IF(D26-D6=-1,0.8,IF(D26-D6=0,0.4,IF(D26-D6=1,0,IF(D26-D6<=2>15,0,_xludf.IF))))))) -> 0 | E27: =IF(E26=0,0,IF(E26-E6=-3,3,IF(E26-E6=-2,1.5,IF(E26-E6=-1,0.8,IF(E26-E6=0,0.4,IF(E26-E6=1,0,IF(E26-E6<=2>15,0,_xludf.IF))))))) -> 0.4 | F27: =IF(F26=0,0,IF(F26-F6=-3,3,IF(F26-F6=-2,1.5,IF(F26-F6=-1,0.8,IF(F26-F6=0,0.4,IF(F26-F6=1,0,IF(F26-F6<=2>15,0,_xludf.IF))))))) -> 0 | G27: =IF(G26=0,0,IF(G26-G6=-3,3,IF(G26-G6=-2,1.5,IF(G26-G6=-1,0.8,IF(G26-G6=0,0.4,IF(G26-G6=1,0,IF(G26-G6<=2>15,0,_xludf.IF))))))) -> 0 | H27: =IF(H26=0,0,IF(H26-H6=-3,3,IF(H26-H6=-2,1.5,IF(H26-H6=-1,0.8,IF(H26-H6=0,0.4,IF(H26-H6=1,0,IF(H26-H6<=2>15,0,_xludf.IF))))))) -> 0 | I27: =IF(I26=0,0,IF(I26-I6=-3,3,IF(I26-I6=-2,1.5,IF(I26-I6=-1,0.8,IF(I26-I6=0,0.4,IF(I26-I6=1,0,IF(I26-I6<=2>15,0,_xludf.IF))))))) -> 0 | J27: =IF(J26=0,0,IF(J26-J6=-3,3,IF(J26-J6=-2,1.5,IF(J26-J6=-1,0.8,IF(J26-J6=0,0.4,IF(J26-J6=1,0,IF(J26-J6<=2>15,0,_xludf.IF))))))) -> 0.8 | K27: =IF(K26=0,0,IF(K26-K6=-3,3,IF(K26-K6=-2,1.5,IF(K26-K6=-1,0.8,IF(K26-K6=0,0.4,IF(K26-K6=1,0,IF(K26-K6<=2>15,0,_xludf.IF))))))) -> 0 | L27: =SUM(C27:K27) -> 1.2 | M27: Points | N27: =IF(N26=0,0,IF(N26-N6=-3,3,IF(N26-N6=-2,1.5,IF(N26-N6=-1,0.8,IF(N26-N6=0,0.4,IF(N26-N6=1,0,IF(N26-N6<=2>15,0,_xludf.IF))))))) -> 0.4 | O27: =IF(O26=0,0,IF(O26-O6=-3,3,IF(O26-O6=-2,1.5,IF(O26-O6=-1,0.8,IF(O26-O6=0,0.4,IF(O26-O6=1,0,IF(O26-O6<=2>15,0,_xludf.IF))))))) -> 0 | P27: =IF(P26=0,0,IF(P26-P6=-3,3,IF(P26-P6=-2,1.5,IF(P26-P6=-1,0.8,IF(P26-P6=0,0.4,IF(P26-P6=1,0,IF(P26-P6<=2>15,0,_xludf.IF))))))) -> 0 | Q27: =IF(Q26=0,0,IF(Q26-Q6=-3,3,IF(Q26-Q6=-2,1.5,IF(Q26-Q6=-1,0.8,IF(Q26-Q6=0,0.4,IF(Q26-Q6=1,0,IF(Q26-Q6<=2>15,0,_xludf.IF))))))) -> 0 | R27: =IF(R26=0,0,IF(R26-R6=-3,3,IF(R26-R6=-2,1.5,IF(R26-R6=-1,0.8,IF(R26-R6=0,0.4,IF(R26-R6=1,0,IF(R26-R6<=2>15,0,_xludf.IF))))))) -> 0 | S27: =IF(S26=0,0,IF(S26-S6=-3,3,IF(S26-S6=-2,1.5,IF(S26-S6=-1,0.8,IF(S26-S6=0,0.4,IF(S26-S6=1,0,IF(S26-S6<=2>15,0,_xludf.IF))))))) -> 0 | T27: =IF(T26=0,0,IF(T26-T6=-3,3,IF(T26-T6=-2,1.5,IF(T26-T6=-1,0.8,IF(T26-T6=0,0.4,IF(T26-T6=1,0,IF(T26-T6<=2>15,0,_xludf.IF))))))) -> 0.4 | U27: =IF(U26=0,0,IF(U26-U6=-3,3,IF(U26-U6=-2,1.5,IF(U26-U6=-1,0.8,IF(U26-U6=0,0.4,IF(U26-U6=1,0,IF(U26-U6<=2>15,0,_xludf.IF))))))) -> 0 | V27: =IF(V26=0,0,IF(V26-V6=-3,3,IF(V26-V6=-2,1.5,IF(V26-V6=-1,0.8,IF(V26-V6=0,0.4,IF(V26-V6=1,0,IF(V26-V6<=2>15,0,_xludf.IF))))))) -> 0.4 | W27: =SUM(N27:V27) -> 1.2 | X27: =L27+W27 -> 2.4
A28: Frazier | B28: Gross Score | C28: 5 | D28: 5 | E28: 4 | F28: 5 | G28: 4 | H28: 4 | I28: 5 | J28: 4 | K28: 6 | L28: =SUM(C28:K28) -> 42 | M28: Gross Score | N28: 5 | O28: 8 | P28: 2 | Q28: 5 | R28: 5 | S28: 5 | T28: 5 | U28: 3 | V28: 6 | W28: =SUM(N28:V28) -> 44 | X28: =L28+W28 -> 86
A29: 6 | B29: Handicap | C29: -1 | H29: -1 | J29: -1 | L29: =SUM(C29:K29) -> -3 | M29: Handicap | O29: -1 | T29: -1 | V29: -1 | W29: =SUM(N29:V29) -> -3 | X29: =L29+W29 -> -6
B30: Net Score | C30: =SUM(C28:C29) -> 4 | D30: =SUM(D28:D29) -> 5 | E30: =SUM(E28:E29) -> 4 | F30: =SUM(F28:F29) -> 5 | G30: =SUM(G28:G29) -> 4 | H30: =SUM(H28:H29) -> 3 | I30: =SUM(I28:I29) -> 5 | J30: =SUM(J28:J29) -> 3 | K30: =SUM(K28:K29) -> 6 | L30: =SUM(C30:K30) -> 39 | M30: Net Score | N30: =SUM(N28:N29) -> 5 | O30: =SUM(O28:O29) -> 7 | P30: =SUM(P28:P29) -> 2 | Q30: =SUM(Q28:Q29) -> 5 | R30: =SUM(R28:R29) -> 5 | S30: =SUM(S28:S29) -> 5 | T30: =SUM(T28:T29) -> 4 | U30: =SUM(U28:U29) -> 3 | V30: =SUM(V28:V29) -> 5 | W30: =SUM(N30:V30) -> 41 | X30: =L30+W30 -> 80
B31: Points | C31: =IF(C30=0,0,IF(C30-C6=-3,3,IF(C30-C6=-2,1.5,IF(C30-C6=-1,0.8,IF(C30-C6=0,0.4,IF(C30-C6=1,0,IF(C30-C6<=2>15,0,_xludf.IF))))))) -> 0.4 | D31: =IF(D30=0,0,IF(D30-D6=-3,3,IF(D30-D6=-2,1.5,IF(D30-D6=-1,0.8,IF(D30-D6=0,0.4,IF(D30-D6=1,0,IF(D30-D6<=2>15,0,_xludf.IF))))))) -> 0 | E31: =IF(E30=0,0,IF(E30-E6=-3,3,IF(E30-E6=-2,1.5,IF(E30-E6=-1,0.8,IF(E30-E6=0,0.4,IF(E30-E6=1,0,IF(E30-E6<=2>15,0,_xludf.IF))))))) -> 0 | F31: =IF(F30=0,0,IF(F30-F6=-3,3,IF(F30-F6=-2,1.5,IF(F30-F6=-1,0.8,IF(F30-F6=0,0.4,IF(F30-F6=1,0,IF(F30-F6<=2>15,0,_xludf.IF))))))) -> 0 | G31: =IF(G30=0,0,IF(G30-G6=-3,3,IF(G30-G6=-2,1.5,IF(G30-G6=-1,0.8,IF(G30-G6=0,0.4,IF(G30-G6=1,0,IF(G30-G6<=2>15,0,_xludf.IF))))))) -> 0.4 | H31: =IF(H30=0,0,IF(H30-H6=-3,3,IF(H30-H6=-2,1.5,IF(H30-H6=-1,0.8,IF(H30-H6=0,0.4,IF(H30-H6=1,0,IF(H30-H6<=2>15,0,_xludf.IF))))))) -> 0.8 | I31: =IF(I30=0,0,IF(I30-I6=-3,3,IF(I30-I6=-2,1.5,IF(I30-I6=-1,0.8,IF(I30-I6=0,0.4,IF(I30-I6=1,0,IF(I30-I6<=2>15,0,_xludf.IF))))))) -> 0 | J31: =IF(J30=0,0,IF(J30-J6=-3,3,IF(J30-J6=-2,1.5,IF(J30-J6=-1,0.8,IF(J30-J6=0,0.4,IF(J30-J6=1,0,IF(J30-J6<=2>15,0,_xludf.IF))))))) -> 1.5 | K31: =IF(K30=0,0,IF(K30-K6=-3,3,IF(K30-K6=-2,1.5,IF(K30-K6=-1,0.8,IF(K30-K6=0,0.4,IF(K30-K6=1,0,IF(K30-K6<=2>15,0,_xludf.IF))))))) -> 0 | L31: =SUM(C31:K31) -> 3.1 | M31: Points | N31: =IF(N30=0,0,IF(N30-N6=-3,3,IF(N30-N6=-2,1.5,IF(N30-N6=-1,0.8,IF(N30-N6=0,0.4,IF(N30-N6=1,0,IF(N30-N6<=2>15,0,_xludf.IF))))))) -> 0 | O31: =IF(O30=0,0,IF(O30-O6=-3,3,IF(O30-O6=-2,1.5,IF(O30-O6=-1,0.8,IF(O30-O6=0,0.4,IF(O30-O6=1,0,IF(O30-O6<=2>15,0,_xludf.IF))))))) -> 0 | P31: =IF(P30=0,0,IF(P30-P6=-3,3,IF(P30-P6=-2,1.5,IF(P30-P6=-1,0.8,IF(P30-P6=0,0.4,IF(P30-P6=1,0,IF(P30-P6<=2>15,0,_xludf.IF))))))) -> 0.8 | Q31: =IF(Q30=0,0,IF(Q30-Q6=-3,3,IF(Q30-Q6=-2,1.5,IF(Q30-Q6=-1,0.8,IF(Q30-Q6=0,0.4,IF(Q30-Q6=1,0,IF(Q30-Q6<=2>15,0,_xludf.IF))))))) -> 0 | R31: =IF(R30=0,0,IF(R30-R6=-3,3,IF(R30-R6=-2,1.5,IF(R30-R6=-1,0.8,IF(R30-R6=0,0.4,IF(R30-R6=1,0,IF(R30-R6<=2>15,0,_xludf.IF))))))) -> 0.4 | S31: =IF(S30=0,0,IF(S30-S6=-3,3,IF(S30-S6=-2,1.5,IF(S30-S6=-1,0.8,IF(S30-S6=0,0.4,IF(S30-S6=1,0,IF(S30-S6<=2>15,0,_xludf.IF))))))) -> 0 | T31: =IF(T30=0,0,IF(T30-T6=-3,3,IF(T30-T6=-2,1.5,IF(T30-T6=-1,0.8,IF(T30-T6=0,0.4,IF(T30-T6=1,0,IF(T30-T6<=2>15,0,_xludf.IF))))))) -> 0.4 | U31: =IF(U30=0,0,IF(U30-U6=-3,3,IF(U30-U6=-2,1.5,IF(U30-U6=-1,0.8,IF(U30-U6=0,0.4,IF(U30-U6=1,0,IF(U30-U6<=2>15,0,_xludf.IF))))))) -> 0.4 | V31: =IF(V30=0,0,IF(V30-V6=-3,3,IF(V30-V6=-2,1.5,IF(V30-V6=-1,0.8,IF(V30-V6=0,0.4,IF(V30-V6=1,0,IF(V30-V6<=2>15,0,_xludf.IF))))))) -> 0.4 | W31: =SUM(N31:V31) -> 2.4 | X31: =L31+W31 -> 5.5
A32: Vince | B32: Gross Score | C32: 7 | D32: 6 | E32: 3 | F32: 5 | G32: 4 | H32: 5 | I32: 2 | J32: 6 | K32: 4 | L32: =SUM(C32:K32) -> 42 | M32: Gross Score | N32: 5 | O32: 3 | P32: 4 | Q32: 4 | R32: 7 | S32: 4 | T32: 7 | U32: 4 | V32: 5 | W32: =SUM(N32:V32) -> 43 | X32: =L32+W32 -> 85
A33: 8 | B33: Handicap | C33: -1 | G33: -1 | H33: -1 | J33: -1 | L33: =SUM(C33:K33) -> -4 | M33: Handicap | O33: -1 | Q33: -1 | T33: -1 | V33: -1 | W33: =SUM(N33:V33) -> -4 | X33: =L33+W33 -> -8
B34: Net Score | C34: =SUM(C32:C33) -> 6 | D34: =SUM(D32:D33) -> 6 | E34: =SUM(E32:E33) -> 3 | F34: =SUM(F32:F33) -> 5 | G34: =SUM(G32:G33) -> 3 | H34: =SUM(H32:H33) -> 4 | I34: =SUM(I32:I33) -> 2 | J34: =SUM(J32:J33) -> 5 | K34: =SUM(K32:K33) -> 4 | L34: =SUM(C34:K34) -> 38 | M34: Net Score | N34: =SUM(N32:N33) -> 5 | O34: =SUM(O32:O33) -> 2 | P34: =SUM(P32:P33) -> 4 | Q34: =SUM(Q32:Q33) -> 3 | R34: =SUM(R32:R33) -> 7 | S34: =SUM(S32:S33) -> 4 | T34: =SUM(T32:T33) -> 6 | U34: =SUM(U32:U33) -> 4 | V34: =SUM(V32:V33) -> 4 | W34: =SUM(N34:V34) -> 39 | X34: =L34+W34 -> 77
B35: Points | C35: =IF(C34=0,0,IF(C34-C6=-3,3,IF(C34-C6=-2,1.5,IF(C34-C6=-1,0.8,IF(C34-C6=0,0.4,IF(C34-C6=1,0,IF(C34-C6<=2>15,0,_xludf.IF))))))) -> 0 | D35: =IF(D34=0,0,IF(D34-D6=-3,3,IF(D34-D6=-2,1.5,IF(D34-D6=-1,0.8,IF(D34-D6=0,0.4,IF(D34-D6=1,0,IF(D34-D6<=2>15,0,_xludf.IF))))))) -> 0 | E35: =IF(E34=0,0,IF(E34-E6=-3,3,IF(E34-E6=-2,1.5,IF(E34-E6=-1,0.8,IF(E34-E6=0,0.4,IF(E34-E6=1,0,IF(E34-E6<=2>15,0,_xludf.IF))))))) -> 0.4 | F35: =IF(F34=0,0,IF(F34-F6=-3,3,IF(F34-F6=-2,1.5,IF(F34-F6=-1,0.8,IF(F34-F6=0,0.4,IF(F34-F6=1,0,IF(F34-F6<=2>15,0,_xludf.IF))))))) -> 0 | G35: =IF(G34=0,0,IF(G34-G6=-3,3,IF(G34-G6=-2,1.5,IF(G34-G6=-1,0.8,IF(G34-G6=0,0.4,IF(G34-G6=1,0,IF(G34-G6<=2>15,0,_xludf.IF))))))) -> 0.8 | H35: =IF(H34=0,0,IF(H34-H6=-3,3,IF(H34-H6=-2,1.5,IF(H34-H6=-1,0.8,IF(H34-H6=0,0.4,IF(H34-H6=1,0,IF(H34-H6<=2>15,0,_xludf.IF))))))) -> 0.4 | I35: =IF(I34=0,0,IF(I34-I6=-3,3,IF(I34-I6=-2,1.5,IF(I34-I6=-1,0.8,IF(I34-I6=0,0.4,IF(I34-I6=1,0,IF(I34-I6<=2>15,0,_xludf.IF))))))) -> 0.8 | J35: =IF(J34=0,0,IF(J34-J6=-3,3,IF(J34-J6=-2,1.5,IF(J34-J6=-1,0.8,IF(J34-J6=0,0.4,IF(J34-J6=1,0,IF(J34-J6<=2>15,0,_xludf.IF))))))) -> 0.4 | K35: =IF(K34=0,0,IF(K34-K6=-3,3,IF(K34-K6=-2,1.5,IF(K34-K6=-1,0.8,IF(K34-K6=0,0.4,IF(K34-K6=1,0,IF(K34-K6<=2>15,0,_xludf.IF))))))) -> 0.4 | L35: =SUM(C35:K35) -> 3.2 | M35: Points | N35: =IF(N34=0,0,IF(N34-N6=-3,3,IF(N34-N6=-2,1.5,IF(N34-N6=-1,0.8,IF(N34-N6=0,0.4,IF(N34-N6=1,0,IF(N34-N6<=2>15,0,_xludf.IF))))))) -> 0 | O35: =IF(O34=0,0,IF(O34-O6=-3,3,IF(O34-O6=-2,1.5,IF(O34-O6=-1,0.8,IF(O34-O6=0,0.4,IF(O34-O6=1,0,IF(O34-O6<=2>15,0,_xludf.IF))))))) -> 1.5 | P35: =IF(P34=0,0,IF(P34-P6=-3,3,IF(P34-P6=-2,1.5,IF(P34-P6=-1,0.8,IF(P34-P6=0,0.4,IF(P34-P6=1,0,IF(P34-P6<=2>15,0,_xludf.IF))))))) -> 0 | Q35: =IF(Q34=0,0,IF(Q34-Q6=-3,3,IF(Q34-Q6=-2,1.5,IF(Q34-Q6=-1,0.8,IF(Q34-Q6=0,0.4,IF(Q34-Q6=1,0,IF(Q34-Q6<=2>15,0,_xludf.IF))))))) -> 0.8 | R35: =IF(R34=0,0,IF(R34-R6=-3,3,IF(R34-R6=-2,1.5,IF(R34-R6=-1,0.8,IF(R34-R6=0,0.4,IF(R34-R6=1,0,IF(R34-R6<=2>15,0,_xludf.IF))))))) -> 0 | S35: =IF(S34=0,0,IF(S34-S6=-3,3,IF(S34-S6=-2,1.5,IF(S34-S6=-1,0.8,IF(S34-S6=0,0.4,IF(S34-S6=1,0,IF(S34-S6<=2>15,0,_xludf.IF))))))) -> 0.4 | T35: =IF(T34=0,0,IF(T34-T6=-3,3,IF(T34-T6=-2,1.5,IF(T34-T6=-1,0.8,IF(T34-T6=0,0.4,IF(T34-T6=1,0,IF(T34-T6<=2>15,0,_xludf.IF))))))) -> 0 | U35: =IF(U34=0,0,IF(U34-U6=-3,3,IF(U34-U6=-2,1.5,IF(U34-U6=-1,0.8,IF(U34-U6=0,0.4,IF(U34-U6=1,0,IF(U34-U6<=2>15,0,_xludf.IF))))))) -> 0 | V35: =IF(V34=0,0,IF(V34-V6=-3,3,IF(V34-V6=-2,1.5,IF(V34-V6=-1,0.8,IF(V34-V6=0,0.4,IF(V34-V6=1,0,IF(V34-V6<=2>15,0,_xludf.IF))))))) -> 0.8 | W35: =SUM(N35:V35) -> 3.5 | X35: =L35+W35 -> 6.7
A36: Uncle Mike | B36: Gross Score | C36: 6 | D36: 7 | E36: 4 | F36: 10 | G36: 6 | H36: 6 | I36: 3 | J36: 6 | K36: 5 | L36: =SUM(C36:K36) -> 53 | M36: Gross Score | N36: 6 | O36: 6 | P36: 7 | Q36: 7 | R36: 8 | S36: 6 | T36: 8 | U36: 4 | V36: 6 | W36: =SUM(N36:V36) -> 58 | X36: =L36+W36 -> 111
A37: 17 | B37: Handicap | C37: -1 | D37: -1 | F37: -1 | G37: -1 | H37: -1 | I37: -1 | J37: -1 | K37: -1 | L37: =SUM(C37:K37) -> -8 | M37: Handicap | N37: -1 | O37: -1 | P37: -1 | Q37: -1 | R37: -1 | S37: -1 | T37: -1 | U37: -1 | V37: -1 | W37: =SUM(N37:V37) -> -9 | X37: =L37+W37 -> -17
B38: Net Score | C38: =SUM(C36:C37) -> 5 | D38: =SUM(D36:D37) -> 6 | E38: =SUM(E36:E37) -> 4 | F38: =SUM(F36:F37) -> 9 | G38: =SUM(G36:G37) -> 5 | H38: =SUM(H36:H37) -> 5 | I38: =SUM(I36:I37) -> 2 | J38: =SUM(J36:J37) -> 5 | K38: =SUM(K36:K37) -> 4 | L38: =SUM(C38:K38) -> 45 | M38: Net Score | N38: =SUM(N36:N37) -> 5 | O38: =SUM(O36:O37) -> 5 | P38: =SUM(P36:P37) -> 6 | Q38: =SUM(Q36:Q37) -> 6 | R38: =SUM(R36:R37) -> 7 | S38: =SUM(S36:S37) -> 5 | T38: =SUM(T36:T37) -> 7 | U38: =SUM(U36:U37) -> 3 | V38: =SUM(V36:V37) -> 5 | W38: =SUM(N38:V38) -> 49 | X38: =L38+W38 -> 94
B39: Points | C39: =IF(C38=0,0,IF(C38-C6=-3,3,IF(C38-C6=-2,1.5,IF(C38-C6=-1,0.8,IF(C38-C6=0,0.4,IF(C38-C6=1,0,IF(C38-C6<=2>15,0,_xludf.IF))))))) -> 0 | D39: =IF(D38=0,0,IF(D38-D6=-3,3,IF(D38-D6=-2,1.5,IF(D38-D6=-1,0.8,IF(D38-D6=0,0.4,IF(D38-D6=1,0,IF(D38-D6<=2>15,0,_xludf.IF))))))) -> 0 | E39: =IF(E38=0,0,IF(E38-E6=-3,3,IF(E38-E6=-2,1.5,IF(E38-E6=-1,0.8,IF(E38-E6=0,0.4,IF(E38-E6=1,0,IF(E38-E6<=2>15,0,_xludf.IF))))))) -> 0 | F39: =IF(F38=0,0,IF(F38-F6=-3,3,IF(F38-F6=-2,1.5,IF(F38-F6=-1,0.8,IF(F38-F6=0,0.4,IF(F38-F6=1,0,IF(F38-F6<=2>15,0,_xludf.IF))))))) -> 0 | G39: =IF(G38=0,0,IF(G38-G6=-3,3,IF(G38-G6=-2,1.5,IF(G38-G6=-1,0.8,IF(G38-G6=0,0.4,IF(G38-G6=1,0,IF(G38-G6<=2>15,0,_xludf.IF))))))) -> 0 | H39: =IF(H38=0,0,IF(H38-H6=-3,3,IF(H38-H6=-2,1.5,IF(H38-H6=-1,0.8,IF(H38-H6=0,0.4,IF(H38-H6=1,0,IF(H38-H6<=2>15,0,_xludf.IF))))))) -> 0 | I39: =IF(I38=0,0,IF(I38-I6=-3,3,IF(I38-I6=-2,1.5,IF(I38-I6=-1,0.8,IF(I38-I6=0,0.4,IF(I38-I6=1,0,IF(I38-I6<=2>15,0,_xludf.IF))))))) -> 0.8 | J39: =IF(J38=0,0,IF(J38-J6=-3,3,IF(J38-J6=-2,1.5,IF(J38-J6=-1,0.8,IF(J38-J6=0,0.4,IF(J38-J6=1,0,IF(J38-J6<=2>15,0,_xludf.IF))))))) -> 0.4 | K39: =IF(K38=0,0,IF(K38-K6=-3,3,IF(K38-K6=-2,1.5,IF(K38-K6=-1,0.8,IF(K38-K6=0,0.4,IF(K38-K6=1,0,IF(K38-K6<=2>15,0,_xludf.IF))))))) -> 0.4 | L39: =SUM(C39:K39) -> 1.6 | M39: Points | N39: =IF(N38=0,0,IF(N38-N6=-3,3,IF(N38-N6=-2,1.5,IF(N38-N6=-1,0.8,IF(N38-N6=0,0.4,IF(N38-N6=1,0,IF(N38-N6<=2>15,0,_xludf.IF))))))) -> 0 | O39: =IF(O38=0,0,IF(O38-O6=-3,3,IF(O38-O6=-2,1.5,IF(O38-O6=-1,0.8,IF(O38-O6=0,0.4,IF(O38-O6=1,0,IF(O38-O6<=2>15,0,_xludf.IF))))))) -> 0 | P39: =IF(P38=0,0,IF(P38-P6=-3,3,IF(P38-P6=-2,1.5,IF(P38-P6=-1,0.8,IF(P38-P6=0,0.4,IF(P38-P6=1,0,IF(P38-P6<=2>15,0,_xludf.IF))))))) -> 0 | Q39: =IF(Q38=0,0,IF(Q38-Q6=-3,3,IF(Q38-Q6=-2,1.5,IF(Q38-Q6=-1,0.8,IF(Q38-Q6=0,0.4,IF(Q38-Q6=1,0,IF(Q38-Q6<=2>15,0,_xludf.IF))))))) -> 0 | R39: =IF(R38=0,0,IF(R38-R6=-3,3,IF(R38-R6=-2,1.5,IF(R38-R6=-1,0.8,IF(R38-R6=0,0.4,IF(R38-R6=1,0,IF(R38-R6<=2>15,0,_xludf.IF))))))) -> 0 | S39: =IF(S38=0,0,IF(S38-S6=-3,3,IF(S38-S6=-2,1.5,IF(S38-S6=-1,0.8,IF(S38-S6=0,0.4,IF(S38-S6=1,0,IF(S38-S6<=2>15,0,_xludf.IF))))))) -> 0 | T39: =IF(T38=0,0,IF(T38-T6=-3,3,IF(T38-T6=-2,1.5,IF(T38-T6=-1,0.8,IF(T38-T6=0,0.4,IF(T38-T6=1,0,IF(T38-T6<=2>15,0,_xludf.IF))))))) -> 0 | U39: =IF(U38=0,0,IF(U38-U6=-3,3,IF(U38-U6=-2,1.5,IF(U38-U6=-1,0.8,IF(U38-U6=0,0.4,IF(U38-U6=1,0,IF(U38-U6<=2>15,0,_xludf.IF))))))) -> 0.4 | V39: =IF(V38=0,0,IF(V38-V6=-3,3,IF(V38-V6=-2,1.5,IF(V38-V6=-1,0.8,IF(V38-V6=0,0.4,IF(V38-V6=1,0,IF(V38-V6<=2>15,0,_xludf.IF))))))) -> 0.4 | W39: =SUM(N39:V39) -> 0.8 | X39: =L39+W39 -> 2.4
A40: Tim | B40: Gross Score | C40: 4 | D40: 5 | E40: 4 | F40: 5 | G40: 6 | H40: 7 | I40: 4 | J40: 5 | K40: 5 | L40: =SUM(C40:K40) -> 45 | M40: Gross Score | N40: 5 | O40: 4 | P40: 3 | Q40: 4 | R40: 6 | S40: 6 | T40: 4 | U40: 5 | V40: 6 | W40: =SUM(N40:V40) -> 43 | X40: =L40+W40 -> 88
A41: 0 | B41: Handicap | L41: =SUM(C41:K41) -> 0 | M41: Handicap | W41: =SUM(N41:V41) -> 0 | X41: =L41+W41 -> 0
B42: Net Score | C42: =SUM(C40:C41) -> 4 | D42: =SUM(D40:D41) -> 5 | E42: =SUM(E40:E41) -> 4 | F42: =SUM(F40:F41) -> 5 | G42: =SUM(G40:G41) -> 6 | H42: =SUM(H40:H41) -> 7 | I42: =SUM(I40:I41) -> 4 | J42: =SUM(J40:J41) -> 5 | K42: =SUM(K40:K41) -> 5 | L42: =SUM(C42:K42) -> 45 | M42: Net Score | N42: =SUM(N40:N41) -> 5 | O42: =SUM(O40:O41) -> 4 | P42: =SUM(P40:P41) -> 3 | Q42: =SUM(Q40:Q41) -> 4 | R42: =SUM(R40:R41) -> 6 | S42: =SUM(S40:S41) -> 6 | T42: =SUM(T40:T41) -> 4 | U42: =SUM(U40:U41) -> 5 | V42: =SUM(V40:V41) -> 6 | W42: =SUM(N42:V42) -> 43 | X42: =L42+W42 -> 88
B43: Points | C43: =IF(C42=0,0,IF(C42-C6=-3,3,IF(C42-C6=-2,1.5,IF(C42-C6=-1,0.8,IF(C42-C6=0,0.4,IF(C42-C6=1,0,IF(C42-C6<=2>15,0,_xludf.IF))))))) -> 0.4 | D43: =IF(D42=0,0,IF(D42-D6=-3,3,IF(D42-D6=-2,1.5,IF(D42-D6=-1,0.8,IF(D42-D6=0,0.4,IF(D42-D6=1,0,IF(D42-D6<=2>15,0,_xludf.IF))))))) -> 0 | E43: =IF(E42=0,0,IF(E42-E6=-3,3,IF(E42-E6=-2,1.5,IF(E42-E6=-1,0.8,IF(E42-E6=0,0.4,IF(E42-E6=1,0,IF(E42-E6<=2>15,0,_xludf.IF))))))) -> 0 | F43: =IF(F42=0,0,IF(F42-F6=-3,3,IF(F42-F6=-2,1.5,IF(F42-F6=-1,0.8,IF(F42-F6=0,0.4,IF(F42-F6=1,0,IF(F42-F6<=2>15,0,_xludf.IF))))))) -> 0 | G43: =IF(G42=0,0,IF(G42-G6=-3,3,IF(G42-G6=-2,1.5,IF(G42-G6=-1,0.8,IF(G42-G6=0,0.4,IF(G42-G6=1,0,IF(G42-G6<=2>15,0,_xludf.IF))))))) -> 0 | H43: =IF(H42=0,0,IF(H42-H6=-3,3,IF(H42-H6=-2,1.5,IF(H42-H6=-1,0.8,IF(H42-H6=0,0.4,IF(H42-H6=1,0,IF(H42-H6<=2>15,0,_xludf.IF))))))) -> 0 | I43: =IF(I42=0,0,IF(I42-I6=-3,3,IF(I42-I6=-2,1.5,IF(I42-I6=-1,0.8,IF(I42-I6=0,0.4,IF(I42-I6=1,0,IF(I42-I6<=2>15,0,_xludf.IF))))))) -> 0 | J43: =IF(J42=0,0,IF(J42-J6=-3,3,IF(J42-J6=-2,1.5,IF(J42-J6=-1,0.8,IF(J42-J6=0,0.4,IF(J42-J6=1,0,IF(J42-J6<=2>15,0,_xludf.IF))))))) -> 0.4 | K43: =IF(K42=0,0,IF(K42-K6=-3,3,IF(K42-K6=-2,1.5,IF(K42-K6=-1,0.8,IF(K42-K6=0,0.4,IF(K42-K6=1,0,IF(K42-K6<=2>15,0,_xludf.IF))))))) -> 0 | L43: =SUM(C43:K43) -> 0.8 | M43: Points | N43: =IF(N42=0,0,IF(N42-N6=-3,3,IF(N42-N6=-2,1.5,IF(N42-N6=-1,0.8,IF(N42-N6=0,0.4,IF(N42-N6=1,0,IF(N42-N6<=2>15,0,_xludf.IF))))))) -> 0 | O43: =IF(O42=0,0,IF(O42-O6=-3,3,IF(O42-O6=-2,1.5,IF(O42-O6=-1,0.8,IF(O42-O6=0,0.4,IF(O42-O6=1,0,IF(O42-O6<=2>15,0,_xludf.IF))))))) -> 0.4 | P43: =IF(P42=0,0,IF(P42-P6=-3,3,IF(P42-P6=-2,1.5,IF(P42-P6=-1,0.8,IF(P42-P6=0,0.4,IF(P42-P6=1,0,IF(P42-P6<=2>15,0,_xludf.IF))))))) -> 0.4 | Q43: =IF(Q42=0,0,IF(Q42-Q6=-3,3,IF(Q42-Q6=-2,1.5,IF(Q42-Q6=-1,0.8,IF(Q42-Q6=0,0.4,IF(Q42-Q6=1,0,IF(Q42-Q6<=2>15,0,_xludf.IF))))))) -> 0.4 | R43: =IF(R42=0,0,IF(R42-R6=-3,3,IF(R42-R6=-2,1.5,IF(R42-R6=-1,0.8,IF(R42-R6=0,0.4,IF(R42-R6=1,0,IF(R42-R6<=2>15,0,_xludf.IF))))))) -> 0 | S43: =IF(S42=0,0,IF(S42-S6=-3,3,IF(S42-S6=-2,1.5,IF(S42-S6=-1,0.8,IF(S42-S6=0,0.4,IF(S42-S6=1,0,IF(S42-S6<=2>15,0,_xludf.IF))))))) -> 0 | T43: =IF(T42=0,0,IF(T42-T6=-3,3,IF(T42-T6=-2,1.5,IF(T42-T6=-1,0.8,IF(T42-T6=0,0.4,IF(T42-T6=1,0,IF(T42-T6<=2>15,0,_xludf.IF))))))) -> 0.4 | U43: =IF(U42=0,0,IF(U42-U6=-3,3,IF(U42-U6=-2,1.5,IF(U42-U6=-1,0.8,IF(U42-U6=0,0.4,IF(U42-U6=1,0,IF(U42-U6<=2>15,0,_xludf.IF))))))) -> 0 | V43: =IF(V42=0,0,IF(V42-V6=-3,3,IF(V42-V6=-2,1.5,IF(V42-V6=-1,0.8,IF(V42-V6=0,0.4,IF(V42-V6=1,0,IF(V42-V6<=2>15,0,_xludf.IF))))))) -> 0 | W43: =SUM(N43:V43) -> 1.6 | X43: =L43+W43 -> 2.4
A44: Gunter | B44: Gross Score | C44: 5 | D44: 7 | E44: 4 | F44: 6 | G44: 5 | H44: 5 | I44: 4 | J44: 5 | K44: 5 | L44: =SUM(C44:K44) -> 46 | M44: Gross Score | N44: 4 | O44: 6 | P44: 3 | Q44: 5 | R44: 6 | S44: 5 | T44: 9 | U44: 3 | V44: 5 | W44: =SUM(N44:V44) -> 46 | X44: =L44+W44 -> 92
A45: 9 | B45: Handicap | C45: -1 | G45: -1 | H45: -1 | J45: -1 | L45: =SUM(C45:K45) -> -4 | M45: Handicap | O45: -1 | Q45: -1 | R45: -1 | T45: -1 | V45: -1 | W45: =SUM(N45:V45) -> -5 | X45: =L45+W45 -> -9
B46: Net Score | C46: =SUM(C44:C45) -> 4 | D46: =SUM(D44:D45) -> 7 | E46: =SUM(E44:E45) -> 4 | F46: =SUM(F44:F45) -> 6 | G46: =SUM(G44:G45) -> 4 | H46: =SUM(H44:H45) -> 4 | I46: =SUM(I44:I45) -> 4 | J46: =SUM(J44:J45) -> 4 | K46: =SUM(K44:K45) -> 5 | L46: =SUM(C46:K46) -> 42 | M46: Net Score | N46: =SUM(N44:N45) -> 4 | O46: =SUM(O44:O45) -> 5 | P46: =SUM(P44:P45) -> 3 | Q46: =SUM(Q44:Q45) -> 4 | R46: =SUM(R44:R45) -> 5 | S46: =SUM(S44:S45) -> 5 | T46: =SUM(T44:T45) -> 8 | U46: =SUM(U44:U45) -> 3 | V46: =SUM(V44:V45) -> 4 | W46: =SUM(N46:V46) -> 41 | X46: =L46+W46 -> 83
B47: Points | C47: =IF(C46=0,0,IF(C46-C6=-3,3,IF(C46-C6=-2,1.5,IF(C46-C6=-1,0.8,IF(C46-C6=0,0.4,IF(C46-C6=1,0,IF(C46-C6<=2>15,0,_xludf.IF))))))) -> 0.4 | D47: =IF(D46=0,0,IF(D46-D6=-3,3,IF(D46-D6=-2,1.5,IF(D46-D6=-1,0.8,IF(D46-D6=0,0.4,IF(D46-D6=1,0,IF(D46-D6<=2>15,0,_xludf.IF))))))) -> 0 | E47: =IF(E46=0,0,IF(E46-E6=-3,3,IF(E46-E6=-2,1.5,IF(E46-E6=-1,0.8,IF(E46-E6=0,0.4,IF(E46-E6=1,0,IF(E46-E6<=2>15,0,_xludf.IF))))))) -> 0 | F47: =IF(F46=0,0,IF(F46-F6=-3,3,IF(F46-F6=-2,1.5,IF(F46-F6=-1,0.8,IF(F46-F6=0,0.4,IF(F46-F6=1,0,IF(F46-F6<=2>15,0,_xludf.IF))))))) -> 0 | G47: =IF(G46=0,0,IF(G46-G6=-3,3,IF(G46-G6=-2,1.5,IF(G46-G6=-1,0.8,IF(G46-G6=0,0.4,IF(G46-G6=1,0,IF(G46-G6<=2>15,0,_xludf.IF))))))) -> 0.4 | H47: =IF(H46=0,0,IF(H46-H6=-3,3,IF(H46-H6=-2,1.5,IF(H46-H6=-1,0.8,IF(H46-H6=0,0.4,IF(H46-H6=1,0,IF(H46-H6<=2>15,0,_xludf.IF))))))) -> 0.4 | I47: =IF(I46=0,0,IF(I46-I6=-3,3,IF(I46-I6=-2,1.5,IF(I46-I6=-1,0.8,IF(I46-I6=0,0.4,IF(I46-I6=1,0,IF(I46-I6<=2>15,0,_xludf.IF))))))) -> 0 | J47: =IF(J46=0,0,IF(J46-J6=-3,3,IF(J46-J6=-2,1.5,IF(J46-J6=-1,0.8,IF(J46-J6=0,0.4,IF(J46-J6=1,0,IF(J46-J6<=2>15,0,_xludf.IF))))))) -> 0.8 | K47: =IF(K46=0,0,IF(K46-K6=-3,3,IF(K46-K6=-2,1.5,IF(K46-K6=-1,0.8,IF(K46-K6=0,0.4,IF(K46-K6=1,0,IF(K46-K6<=2>15,0,_xludf.IF))))))) -> 0 | L47: =SUM(C47:K47) -> 2 | M47: Points | N47: =IF(N46=0,0,IF(N46-N6=-3,3,IF(N46-N6=-2,1.5,IF(N46-N6=-1,0.8,IF(N46-N6=0,0.4,IF(N46-N6=1,0,IF(N46-N6<=2>15,0,_xludf.IF))))))) -> 0.4 | O47: =IF(O46=0,0,IF(O46-O6=-3,3,IF(O46-O6=-2,1.5,IF(O46-O6=-1,0.8,IF(O46-O6=0,0.4,IF(O46-O6=1,0,IF(O46-O6<=2>15,0,_xludf.IF))))))) -> 0 | P47: =IF(P46=0,0,IF(P46-P6=-3,3,IF(P46-P6=-2,1.5,IF(P46-P6=-1,0.8,IF(P46-P6=0,0.4,IF(P46-P6=1,0,IF(P46-P6<=2>15,0,_xludf.IF))))))) -> 0.4 | Q47: =IF(Q46=0,0,IF(Q46-Q6=-3,3,IF(Q46-Q6=-2,1.5,IF(Q46-Q6=-1,0.8,IF(Q46-Q6=0,0.4,IF(Q46-Q6=1,0,IF(Q46-Q6<=2>15,0,_xludf.IF))))))) -> 0.4 | R47: =IF(R46=0,0,IF(R46-R6=-3,3,IF(R46-R6=-2,1.5,IF(R46-R6=-1,0.8,IF(R46-R6=0,0.4,IF(R46-R6=1,0,IF(R46-R6<=2>15,0,_xludf.IF))))))) -> 0.4 | S47: =IF(S46=0,0,IF(S46-S6=-3,3,IF(S46-S6=-2,1.5,IF(S46-S6=-1,0.8,IF(S46-S6=0,0.4,IF(S46-S6=1,0,IF(S46-S6<=2>15,0,_xludf.IF))))))) -> 0 | T47: =IF(T46=0,0,IF(T46-T6=-3,3,IF(T46-T6=-2,1.5,IF(T46-T6=-1,0.8,IF(T46-T6=0,0.4,IF(T46-T6=1,0,IF(T46-T6<=2>15,0,_xludf.IF))))))) -> 0 | U47: =IF(U46=0,0,IF(U46-U6=-3,3,IF(U46-U6=-2,1.5,IF(U46-U6=-1,0.8,IF(U46-U6=0,0.4,IF(U46-U6=1,0,IF(U46-U6<=2>15,0,_xludf.IF))))))) -> 0.4 | V47: =IF(V46=0,0,IF(V46-V6=-3,3,IF(V46-V6=-2,1.5,IF(V46-V6=-1,0.8,IF(V46-V6=0,0.4,IF(V46-V6=1,0,IF(V46-V6<=2>15,0,_xludf.IF))))))) -> 0.8 | W47: =SUM(N47:V47) -> 2.8 | X47: =L47+W47 -> 4.8
A48: Tom K | B48: Gross Score | C48: 5 | D48: 5 | E48: 5 | F48: 6 | G48: 7 | H48: 4 | I48: 5 | J48: 8 | K48: 4 | L48: =SUM(C48:K48) -> 49 | M48: Gross Score | N48: 6 | O48: 5 | P48: 4 | Q48: 6 | R48: 7 | S48: 6 | T48: 7 | U48: 5 | V48: 5 | W48: =SUM(N48:V48) -> 51 | X48: =L48+W48 -> 100
A49: 10 | B49: Handicap | C49: -1 | D49: -1 | G49: -1 | H49: -1 | J49: -1 | L49: =SUM(C49:K49) -> -5 | M49: Handicap | O49: -1 | Q49: -1 | R49: -1 | T49: -1 | V49: -1 | W49: =SUM(N49:V49) -> -5 | X49: =L49+W49 -> -10
B50: Net Score | C50: =SUM(C48:C49) -> 4 | D50: =SUM(D48:D49) -> 4 | E50: =SUM(E48:E49) -> 5 | F50: =SUM(F48:F49) -> 6 | G50: =SUM(G48:G49) -> 6 | H50: =SUM(H48:H49) -> 3 | I50: =SUM(I48:I49) -> 5 | J50: =SUM(J48:J49) -> 7 | K50: =SUM(K48:K49) -> 4 | L50: =SUM(C50:K50) -> 44 | M50: Net Score | N50: =SUM(N48:N49) -> 6 | O50: =SUM(O48:O49) -> 4 | P50: =SUM(P48:P49) -> 4 | Q50: =SUM(Q48:Q49) -> 5 | R50: =SUM(R48:R49) -> 6 | S50: =SUM(S48:S49) -> 6 | T50: =SUM(T48:T49) -> 6 | U50: =SUM(U48:U49) -> 5 | V50: =SUM(V48:V49) -> 4 | W50: =SUM(N50:V50) -> 46 | X50: =L50+W50 -> 90
B51: Points | C51: =IF(C50=0,0,IF(C50-C6=-3,3,IF(C50-C6=-2,1.5,IF(C50-C6=-1,0.8,IF(C50-C6=0,0.4,IF(C50-C6=1,0,IF(C50-C6<=2>15,0,_xludf.IF))))))) -> 0.4 | D51: =IF(D50=0,0,IF(D50-D6=-3,3,IF(D50-D6=-2,1.5,IF(D50-D6=-1,0.8,IF(D50-D6=0,0.4,IF(D50-D6=1,0,IF(D50-D6<=2>15,0,_xludf.IF))))))) -> 0.4 | E51: =IF(E50=0,0,IF(E50-E6=-3,3,IF(E50-E6=-2,1.5,IF(E50-E6=-1,0.8,IF(E50-E6=0,0.4,IF(E50-E6=1,0,IF(E50-E6<=2>15,0,_xludf.IF))))))) -> 0 | F51: =IF(F50=0,0,IF(F50-F6=-3,3,IF(F50-F6=-2,1.5,IF(F50-F6=-1,0.8,IF(F50-F6=0,0.4,IF(F50-F6=1,0,IF(F50-F6<=2>15,0,_xludf.IF))))))) -> 0 | G51: =IF(G50=0,0,IF(G50-G6=-3,3,IF(G50-G6=-2,1.5,IF(G50-G6=-1,0.8,IF(G50-G6=0,0.4,IF(G50-G6=1,0,IF(G50-G6<=2>15,0,_xludf.IF))))))) -> 0 | H51: =IF(H50=0,0,IF(H50-H6=-3,3,IF(H50-H6=-2,1.5,IF(H50-H6=-1,0.8,IF(H50-H6=0,0.4,IF(H50-H6=1,0,IF(H50-H6<=2>15,0,_xludf.IF))))))) -> 0.8 | I51: =IF(I50=0,0,IF(I50-I6=-3,3,IF(I50-I6=-2,1.5,IF(I50-I6=-1,0.8,IF(I50-I6=0,0.4,IF(I50-I6=1,0,IF(I50-I6<=2>15,0,_xludf.IF))))))) -> 0 | J51: =IF(J50=0,0,IF(J50-J6=-3,3,IF(J50-J6=-2,1.5,IF(J50-J6=-1,0.8,IF(J50-J6=0,0.4,IF(J50-J6=1,0,IF(J50-J6<=2>15,0,_xludf.IF))))))) -> 0 | K51: =IF(K50=0,0,IF(K50-K6=-3,3,IF(K50-K6=-2,1.5,IF(K50-K6=-1,0.8,IF(K50-K6=0,0.4,IF(K50-K6=1,0,IF(K50-K6<=2>15,0,_xludf.IF))))))) -> 0.4 | L51: =SUM(C51:K51) -> 2 | M51: Points | N51: =IF(N50=0,0,IF(N50-N6=-3,3,IF(N50-N6=-2,1.5,IF(N50-N6=-1,0.8,IF(N50-N6=0,0.4,IF(N50-N6=1,0,IF(N50-N6<=2>15,0,_xludf.IF))))))) -> 0 | O51: =IF(O50=0,0,IF(O50-O6=-3,3,IF(O50-O6=-2,1.5,IF(O50-O6=-1,0.8,IF(O50-O6=0,0.4,IF(O50-O6=1,0,IF(O50-O6<=2>15,0,_xludf.IF))))))) -> 0.4 | P51: =IF(P50=0,0,IF(P50-P6=-3,3,IF(P50-P6=-2,1.5,IF(P50-P6=-1,0.8,IF(P50-P6=0,0.4,IF(P50-P6=1,0,IF(P50-P6<=2>15,0,_xludf.IF))))))) -> 0 | Q51: =IF(Q50=0,0,IF(Q50-Q6=-3,3,IF(Q50-Q6=-2,1.5,IF(Q50-Q6=-1,0.8,IF(Q50-Q6=0,0.4,IF(Q50-Q6=1,0,IF(Q50-Q6<=2>15,0,_xludf.IF))))))) -> 0 | R51: =IF(R50=0,0,IF(R50-R6=-3,3,IF(R50-R6=-2,1.5,IF(R50-R6=-1,0.8,IF(R50-R6=0,0.4,IF(R50-R6=1,0,IF(R50-R6<=2>15,0,_xludf.IF))))))) -> 0 | S51: =IF(S50=0,0,IF(S50-S6=-3,3,IF(S50-S6=-2,1.5,IF(S50-S6=-1,0.8,IF(S50-S6=0,0.4,IF(S50-S6=1,0,IF(S50-S6<=2>15,0,_xludf.IF))))))) -> 0 | T51: =IF(T50=0,0,IF(T50-T6=-3,3,IF(T50-T6=-2,1.5,IF(T50-T6=-1,0.8,IF(T50-T6=0,0.4,IF(T50-T6=1,0,IF(T50-T6<=2>15,0,_xludf.IF))))))) -> 0 | U51: =IF(U50=0,0,IF(U50-U6=-3,3,IF(U50-U6=-2,1.5,IF(U50-U6=-1,0.8,IF(U50-U6=0,0.4,IF(U50-U6=1,0,IF(U50-U6<=2>15,0,_xludf.IF))))))) -> 0 | V51: =IF(V50=0,0,IF(V50-V6=-3,3,IF(V50-V6=-2,1.5,IF(V50-V6=-1,0.8,IF(V50-V6=0,0.4,IF(V50-V6=1,0,IF(V50-V6<=2>15,0,_xludf.IF))))))) -> 0.8 | W51: =SUM(N51:V51) -> 1.2 | X51: =L51+W51 -> 3.2
A52: Uncle Joe | B52: Gross Score | C52: 6 | D52: 4 | E52: 3 | F52: 6 | G52: 7 | H52: 4 | I52: 3 | J52: 7 | K52: 4 | L52: =SUM(C52:K52) -> 44 | M52: Gross Score | N52: 6 | O52: 6 | P52: 4 | Q52: 7 | R52: 6 | S52: 7 | T52: 6 | U52: 4 | V52: 6 | W52: =SUM(N52:V52) -> 52 | X52: =L52+W52 -> 96
A53: 11 | B53: Handicap | C53: -1 | D53: -1 | G53: -1 | H53: -1 | J53: -1 | L53: =SUM(C53:K53) -> -5 | M53: Handicap | N53: -1 | O53: -1 | Q53: -1 | R53: -1 | T53: -1 | V53: -1 | W53: =SUM(N53:V53) -> -6 | X53: =L53+W53 -> -11
B54: Net Score | C54: =SUM(C52:C53) -> 5 | D54: =SUM(D52:D53) -> 3 | E54: =SUM(E52:E53) -> 3 | F54: =SUM(F52:F53) -> 6 | G54: =SUM(G52:G53) -> 6 | H54: =SUM(H52:H53) -> 3 | I54: =SUM(I52:I53) -> 3 | J54: =SUM(J52:J53) -> 6 | K54: =SUM(K52:K53) -> 4 | L54: =SUM(C54:K54) -> 39 | M54: Net Score | N54: =SUM(N52:N53) -> 5 | O54: =SUM(O52:O53) -> 5 | P54: =SUM(P52:P53) -> 4 | Q54: =SUM(Q52:Q53) -> 6 | R54: =SUM(R52:R53) -> 5 | S54: =SUM(S52:S53) -> 7 | T54: =SUM(T52:T53) -> 5 | U54: =SUM(U52:U53) -> 4 | V54: =SUM(V52:V53) -> 5 | W54: =SUM(N54:V54) -> 46 | X54: =L54+W54 -> 85
B55: Points | C55: =IF(C54=0,0,IF(C54-C6=-3,3,IF(C54-C6=-2,1.5,IF(C54-C6=-1,0.8,IF(C54-C6=0,0.4,IF(C54-C6=1,0,IF(C54-C6<=2>15,0,_xludf.IF))))))) -> 0 | D55: =IF(D54=0,0,IF(D54-D6=-3,3,IF(D54-D6=-2,1.5,IF(D54-D6=-1,0.8,IF(D54-D6=0,0.4,IF(D54-D6=1,0,IF(D54-D6<=2>15,0,_xludf.IF))))))) -> 0.8 | E55: =IF(E54=0,0,IF(E54-E6=-3,3,IF(E54-E6=-2,1.5,IF(E54-E6=-1,0.8,IF(E54-E6=0,0.4,IF(E54-E6=1,0,IF(E54-E6<=2>15,0,_xludf.IF))))))) -> 0.4 | F55: =IF(F54=0,0,IF(F54-F6=-3,3,IF(F54-F6=-2,1.5,IF(F54-F6=-1,0.8,IF(F54-F6=0,0.4,IF(F54-F6=1,0,IF(F54-F6<=2>15,0,_xludf.IF))))))) -> 0 | G55: =IF(G54=0,0,IF(G54-G6=-3,3,IF(G54-G6=-2,1.5,IF(G54-G6=-1,0.8,IF(G54-G6=0,0.4,IF(G54-G6=1,0,IF(G54-G6<=2>15,0,_xludf.IF))))))) -> 0 | H55: =IF(H54=0,0,IF(H54-H6=-3,3,IF(H54-H6=-2,1.5,IF(H54-H6=-1,0.8,IF(H54-H6=0,0.4,IF(H54-H6=1,0,IF(H54-H6<=2>15,0,_xludf.IF))))))) -> 0.8 | I55: =IF(I54=0,0,IF(I54-I6=-3,3,IF(I54-I6=-2,1.5,IF(I54-I6=-1,0.8,IF(I54-I6=0,0.4,IF(I54-I6=1,0,IF(I54-I6<=2>15,0,_xludf.IF))))))) -> 0.4 | J55: =IF(J54=0,0,IF(J54-J6=-3,3,IF(J54-J6=-2,1.5,IF(J54-J6=-1,0.8,IF(J54-J6=0,0.4,IF(J54-J6=1,0,IF(J54-J6<=2>15,0,_xludf.IF))))))) -> 0 | K55: =IF(K54=0,0,IF(K54-K6=-3,3,IF(K54-K6=-2,1.5,IF(K54-K6=-1,0.8,IF(K54-K6=0,0.4,IF(K54-K6=1,0,IF(K54-K6<=2>15,0,_xludf.IF))))))) -> 0.4 | L55: =SUM(C55:K55) -> 2.8 | M55: Points | N55: =IF(N54=0,0,IF(N54-N6=-3,3,IF(N54-N6=-2,1.5,IF(N54-N6=-1,0.8,IF(N54-N6=0,0.4,IF(N54-N6=1,0,IF(N54-N6<=2>15,0,_xludf.IF))))))) -> 0 | O55: =IF(O54=0,0,IF(O54-O6=-3,3,IF(O54-O6=-2,1.5,IF(O54-O6=-1,0.8,IF(O54-O6=0,0.4,IF(O54-O6=1,0,IF(O54-O6<=2>15,0,_xludf.IF))))))) -> 0 | P55: =IF(P54=0,0,IF(P54-P6=-3,3,IF(P54-P6=-2,1.5,IF(P54-P6=-1,0.8,IF(P54-P6=0,0.4,IF(P54-P6=1,0,IF(P54-P6<=2>15,0,_xludf.IF))))))) -> 0 | Q55: =IF(Q54=0,0,IF(Q54-Q6=-3,3,IF(Q54-Q6=-2,1.5,IF(Q54-Q6=-1,0.8,IF(Q54-Q6=0,0.4,IF(Q54-Q6=1,0,IF(Q54-Q6<=2>15,0,_xludf.IF))))))) -> 0 | R55: =IF(R54=0,0,IF(R54-R6=-3,3,IF(R54-R6=-2,1.5,IF(R54-R6=-1,0.8,IF(R54-R6=0,0.4,IF(R54-R6=1,0,IF(R54-R6<=2>15,0,_xludf.IF))))))) -> 0.4 | S55: =IF(S54=0,0,IF(S54-S6=-3,3,IF(S54-S6=-2,1.5,IF(S54-S6=-1,0.8,IF(S54-S6=0,0.4,IF(S54-S6=1,0,IF(S54-S6<=2>15,0,_xludf.IF))))))) -> 0 | T55: =IF(T54=0,0,IF(T54-T6=-3,3,IF(T54-T6=-2,1.5,IF(T54-T6=-1,0.8,IF(T54-T6=0,0.4,IF(T54-T6=1,0,IF(T54-T6<=2>15,0,_xludf.IF))))))) -> 0 | U55: =IF(U54=0,0,IF(U54-U6=-3,3,IF(U54-U6=-2,1.5,IF(U54-U6=-1,0.8,IF(U54-U6=0,0.4,IF(U54-U6=1,0,IF(U54-U6<=2>15,0,_xludf.IF))))))) -> 0 | V55: =IF(V54=0,0,IF(V54-V6=-3,3,IF(V54-V6=-2,1.5,IF(V54-V6=-1,0.8,IF(V54-V6=0,0.4,IF(V54-V6=1,0,IF(V54-V6<=2>15,0,_xludf.IF))))))) -> 0.4 | W55: =SUM(N55:V55) -> 0.8 | X55: =L55+W55 -> 3.6
A56: Ben | B56: Gross Score | C56: 4 | D56: 5 | E56: 2 | F56: 5 | G56: 4 | H56: 5 | I56: 4 | J56: 5 | K56: 4 | L56: =SUM(C56:K56) -> 38 | M56: Gross Score | N56: 5 | O56: 4 | P56: 3 | Q56: 5 | R56: 6 | S56: 4 | T56: 6 | U56: 3 | V56: 7 | W56: =SUM(N56:V56) -> 43 | X56: =L56+W56 -> 81
A57: 2 | B57: Handicap | H57: -1 | L57: =SUM(C57:K57) -> -1 | M57: Handicap | T57: -1 | W57: =SUM(N57:V57) -> -1 | X57: =L57+W57 -> -2
B58: Net Score | C58: =SUM(C56:C57) -> 4 | D58: =SUM(D56:D57) -> 5 | E58: =SUM(E56:E57) -> 2 | F58: =SUM(F56:F57) -> 5 | G58: =SUM(G56:G57) -> 4 | H58: =SUM(H56:H57) -> 4 | I58: =SUM(I56:I57) -> 4 | J58: =SUM(J56:J57) -> 5 | K58: =SUM(K56:K57) -> 4 | L58: =SUM(C58:K58) -> 37 | M58: Net Score | N58: =SUM(N56:N57) -> 5 | O58: =SUM(O56:O57) -> 4 | P58: =SUM(P56:P57) -> 3 | Q58: =SUM(Q56:Q57) -> 5 | R58: =SUM(R56:R57) -> 6 | S58: =SUM(S56:S57) -> 4 | T58: =SUM(T56:T57) -> 5 | U58: =SUM(U56:U57) -> 3 | V58: =SUM(V56:V57) -> 7 | W58: =SUM(N58:V58) -> 42 | X58: =L58+W58 -> 79
B59: Points | C59: =IF(C58=0,0,IF(C58-C6=-3,3,IF(C58-C6=-2,1.5,IF(C58-C6=-1,0.8,IF(C58-C6=0,0.4,IF(C58-C6=1,0,IF(C58-C6<=2>15,0,_xludf.IF))))))) -> 0.4 | D59: =IF(D58=0,0,IF(D58-D6=-3,3,IF(D58-D6=-2,1.5,IF(D58-D6=-1,0.8,IF(D58-D6=0,0.4,IF(D58-D6=1,0,IF(D58-D6<=2>15,0,_xludf.IF))))))) -> 0 | E59: =IF(E58=0,0,IF(E58-E6=-3,3,IF(E58-E6=-2,1.5,IF(E58-E6=-1,0.8,IF(E58-E6=0,0.4,IF(E58-E6=1,0,IF(E58-E6<=2>15,0,_xludf.IF))))))) -> 0.8 | F59: =IF(F58=0,0,IF(F58-F6=-3,3,IF(F58-F6=-2,1.5,IF(F58-F6=-1,0.8,IF(F58-F6=0,0.4,IF(F58-F6=1,0,IF(F58-F6<=2>15,0,_xludf.IF))))))) -> 0 | G59: =IF(G58=0,0,IF(G58-G6=-3,3,IF(G58-G6=-2,1.5,IF(G58-G6=-1,0.8,IF(G58-G6=0,0.4,IF(G58-G6=1,0,IF(G58-G6<=2>15,0,_xludf.IF))))))) -> 0.4 | H59: =IF(H58=0,0,IF(H58-H6=-3,3,IF(H58-H6=-2,1.5,IF(H58-H6=-1,0.8,IF(H58-H6=0,0.4,IF(H58-H6=1,0,IF(H58-H6<=2>15,0,_xludf.IF))))))) -> 0.4 | I59: =IF(I58=0,0,IF(I58-I6=-3,3,IF(I58-I6=-2,1.5,IF(I58-I6=-1,0.8,IF(I58-I6=0,0.4,IF(I58-I6=1,0,IF(I58-I6<=2>15,0,_xludf.IF))))))) -> 0 | J59: =IF(J58=0,0,IF(J58-J6=-3,3,IF(J58-J6=-2,1.5,IF(J58-J6=-1,0.8,IF(J58-J6=0,0.4,IF(J58-J6=1,0,IF(J58-J6<=2>15,0,_xludf.IF))))))) -> 0.4 | K59: =IF(K58=0,0,IF(K58-K6=-3,3,IF(K58-K6=-2,1.5,IF(K58-K6=-1,0.8,IF(K58-K6=0,0.4,IF(K58-K6=1,0,IF(K58-K6<=2>15,0,_xludf.IF))))))) -> 0.4 | L59: =SUM(C59:K59) -> 2.8 | M59: Points | N59: =IF(N58=0,0,IF(N58-N6=-3,3,IF(N58-N6=-2,1.5,IF(N58-N6=-1,0.8,IF(N58-N6=0,0.4,IF(N58-N6=1,0,IF(N58-N6<=2>15,0,_xludf.IF))))))) -> 0 | O59: =IF(O58=0,0,IF(O58-O6=-3,3,IF(O58-O6=-2,1.5,IF(O58-O6=-1,0.8,IF(O58-O6=0,0.4,IF(O58-O6=1,0,IF(O58-O6<=2>15,0,_xludf.IF))))))) -> 0.4 | P59: =IF(P58=0,0,IF(P58-P6=-3,3,IF(P58-P6=-2,1.5,IF(P58-P6=-1,0.8,IF(P58-P6=0,0.4,IF(P58-P6=1,0,IF(P58-P6<=2>15,0,_xludf.IF))))))) -> 0.4 | Q59: =IF(Q58=0,0,IF(Q58-Q6=-3,3,IF(Q58-Q6=-2,1.5,IF(Q58-Q6=-1,0.8,IF(Q58-Q6=0,0.4,IF(Q58-Q6=1,0,IF(Q58-Q6<=2>15,0,_xludf.IF))))))) -> 0 | R59: =IF(R58=0,0,IF(R58-R6=-3,3,IF(R58-R6=-2,1.5,IF(R58-R6=-1,0.8,IF(R58-R6=0,0.4,IF(R58-R6=1,0,IF(R58-R6<=2>15,0,_xludf.IF))))))) -> 0 | S59: =IF(S58=0,0,IF(S58-S6=-3,3,IF(S58-S6=-2,1.5,IF(S58-S6=-1,0.8,IF(S58-S6=0,0.4,IF(S58-S6=1,0,IF(S58-S6<=2>15,0,_xludf.IF))))))) -> 0.4 | T59: =IF(T58=0,0,IF(T58-T6=-3,3,IF(T58-T6=-2,1.5,IF(T58-T6=-1,0.8,IF(T58-T6=0,0.4,IF(T58-T6=1,0,IF(T58-T6<=2>15,0,_xludf.IF))))))) -> 0 | U59: =IF(U58=0,0,IF(U58-U6=-3,3,IF(U58-U6=-2,1.5,IF(U58-U6=-1,0.8,IF(U58-U6=0,0.4,IF(U58-U6=1,0,IF(U58-U6<=2>15,0,_xludf.IF))))))) -> 0.4 | V59: =IF(V58=0,0,IF(V58-V6=-3,3,IF(V58-V6=-2,1.5,IF(V58-V6=-1,0.8,IF(V58-V6=0,0.4,IF(V58-V6=1,0,IF(V58-V6<=2>15,0,_xludf.IF))))))) -> 0 | W59: =SUM(N59:V59) -> 1.6 | X59: =L59+W59 -> 4.4
A60: Andrew | B60: Gross Score | C60: 6 | D60: 7 | E60: 4 | F60: 8 | G60: 3 | H60: 4 | I60: 4 | J60: 7 | K60: 6 | L60: =SUM(C60:K60) -> 49 | M60: Gross Score | N60: 4 | O60: 5 | P60: 3 | Q60: 7 | R60: 5 | S60: 8 | T60: 6 | U60: 4 | V60: 6 | W60: =SUM(N60:V60) -> 48 | X60: =L60+W60 -> 97
A61: 6 | B61: Handicap | C61: -1 | H61: -1 | J61: -1 | L61: =SUM(C61:K61) -> -3 | M61: Handicap | O61: -1 | T61: -1 | V61: -1 | W61: =SUM(N61:V61) -> -3 | X61: =L61+W61 -> -6
B62: Net Score | C62: =SUM(C60:C61) -> 5 | D62: =SUM(D60:D61) -> 7 | E62: =SUM(E60:E61) -> 4 | F62: =SUM(F60:F61) -> 8 | G62: =SUM(G60:G61) -> 3 | H62: =SUM(H60:H61) -> 3 | I62: =SUM(I60:I61) -> 4 | J62: =SUM(J60:J61) -> 6 | K62: =SUM(K60:K61) -> 6 | L62: =SUM(C62:K62) -> 46 | M62: Net Score | N62: =SUM(N60:N61) -> 4 | O62: =SUM(O60:O61) -> 4 | P62: =SUM(P60:P61) -> 3 | Q62: =SUM(Q60:Q61) -> 7 | R62: =SUM(R60:R61) -> 5 | S62: =SUM(S60:S61) -> 8 | T62: =SUM(T60:T61) -> 5 | U62: =SUM(U60:U61) -> 4 | V62: =SUM(V60:V61) -> 5 | W62: =SUM(N62:V62) -> 45 | X62: =L62+W62 -> 91
B63: Points | C63: =IF(C62=0,0,IF(C62-C6=-3,3,IF(C62-C6=-2,1.5,IF(C62-C6=-1,0.8,IF(C62-C6=0,0.4,IF(C62-C6=1,0,IF(C62-C6<=2>15,0,_xludf.IF))))))) -> 0 | D63: =IF(D62=0,0,IF(D62-D6=-3,3,IF(D62-D6=-2,1.5,IF(D62-D6=-1,0.8,IF(D62-D6=0,0.4,IF(D62-D6=1,0,IF(D62-D6<=2>15,0,_xludf.IF))))))) -> 0 | E63: =IF(E62=0,0,IF(E62-E6=-3,3,IF(E62-E6=-2,1.5,IF(E62-E6=-1,0.8,IF(E62-E6=0,0.4,IF(E62-E6=1,0,IF(E62-E6<=2>15,0,_xludf.IF))))))) -> 0 | F63: =IF(F62=0,0,IF(F62-F6=-3,3,IF(F62-F6=-2,1.5,IF(F62-F6=-1,0.8,IF(F62-F6=0,0.4,IF(F62-F6=1,0,IF(F62-F6<=2>15,0,_xludf.IF))))))) -> 0 | G63: =IF(G62=0,0,IF(G62-G6=-3,3,IF(G62-G6=-2,1.5,IF(G62-G6=-1,0.8,IF(G62-G6=0,0.4,IF(G62-G6=1,0,IF(G62-G6<=2>15,0,_xludf.IF))))))) -> 0.8 | H63: =IF(H62=0,0,IF(H62-H6=-3,3,IF(H62-H6=-2,1.5,IF(H62-H6=-1,0.8,IF(H62-H6=0,0.4,IF(H62-H6=1,0,IF(H62-H6<=2>15,0,_xludf.IF))))))) -> 0.8 | I63: =IF(I62=0,0,IF(I62-I6=-3,3,IF(I62-I6=-2,1.5,IF(I62-I6=-1,0.8,IF(I62-I6=0,0.4,IF(I62-I6=1,0,IF(I62-I6<=2>15,0,_xludf.IF))))))) -> 0 | J63: =IF(J62=0,0,IF(J62-J6=-3,3,IF(J62-J6=-2,1.5,IF(J62-J6=-1,0.8,IF(J62-J6=0,0.4,IF(J62-J6=1,0,IF(J62-J6<=2>15,0,_xludf.IF))))))) -> 0 | K63: =IF(K62=0,0,IF(K62-K6=-3,3,IF(K62-K6=-2,1.5,IF(K62-K6=-1,0.8,IF(K62-K6=0,0.4,IF(K62-K6=1,0,IF(K62-K6<=2>15,0,_xludf.IF))))))) -> 0 | L63: =SUM(C63:K63) -> 1.6 | M63: Points | N63: =IF(N62=0,0,IF(N62-N6=-3,3,IF(N62-N6=-2,1.5,IF(N62-N6=-1,0.8,IF(N62-N6=0,0.4,IF(N62-N6=1,0,IF(N62-N6<=2>15,0,_xludf.IF))))))) -> 0.4 | O63: =IF(O62=0,0,IF(O62-O6=-3,3,IF(O62-O6=-2,1.5,IF(O62-O6=-1,0.8,IF(O62-O6=0,0.4,IF(O62-O6=1,0,IF(O62-O6<=2>15,0,_xludf.IF))))))) -> 0.4 | P63: =IF(P62=0,0,IF(P62-P6=-3,3,IF(P62-P6=-2,1.5,IF(P62-P6=-1,0.8,IF(P62-P6=0,0.4,IF(P62-P6=1,0,IF(P62-P6<=2>15,0,_xludf.IF))))))) -> 0.4 | Q63: =IF(Q62=0,0,IF(Q62-Q6=-3,3,IF(Q62-Q6=-2,1.5,IF(Q62-Q6=-1,0.8,IF(Q62-Q6=0,0.4,IF(Q62-Q6=1,0,IF(Q62-Q6<=2>15,0,_xludf.IF))))))) -> 0 | R63: =IF(R62=0,0,IF(R62-R6=-3,3,IF(R62-R6=-2,1.5,IF(R62-R6=-1,0.8,IF(R62-R6=0,0.4,IF(R62-R6=1,0,IF(R62-R6<=2>15,0,_xludf.IF))))))) -> 0.4 | S63: =IF(S62=0,0,IF(S62-S6=-3,3,IF(S62-S6=-2,1.5,IF(S62-S6=-1,0.8,IF(S62-S6=0,0.4,IF(S62-S6=1,0,IF(S62-S6<=2>15,0,_xludf.IF))))))) -> 0 | T63: =IF(T62=0,0,IF(T62-T6=-3,3,IF(T62-T6=-2,1.5,IF(T62-T6=-1,0.8,IF(T62-T6=0,0.4,IF(T62-T6=1,0,IF(T62-T6<=2>15,0,_xludf.IF))))))) -> 0 | U63: =IF(U62=0,0,IF(U62-U6=-3,3,IF(U62-U6=-2,1.5,IF(U62-U6=-1,0.8,IF(U62-U6=0,0.4,IF(U62-U6=1,0,IF(U62-U6<=2>15,0,_xludf.IF))))))) -> 0 | V63: =IF(V62=0,0,IF(V62-V6=-3,3,IF(V62-V6=-2,1.5,IF(V62-V6=-1,0.8,IF(V62-V6=0,0.4,IF(V62-V6=1,0,IF(V62-V6<=2>15,0,_xludf.IF))))))) -> 0.4 | W63: =SUM(N63:V63) -> 2 | X63: =L63+W63 -> 3.6
A64: Tbone | B64: Gross Score | C64: 5 | D64: 5 | E64: 4 | F64: 6 | G64: 4 | H64: 6 | I64: 3 | J64: 7 | K64: 5 | L64: =SUM(C64:K64) -> 45 | M64: Gross Score | N64: 5 | O64: 6 | P64: 3 | Q64: 5 | R64: 6 | S64: 6 | T64: 4 | U64: 6 | V64: 5 | W64: =SUM(N64:V64) -> 46 | X64: =L64+W64 -> 91
A65: 7 | B65: Handicap | C65: -1 | H65: -1 | J65: -1 | L65: =SUM(C65:K65) -> -3 | M65: Handicap | O65: -1 | Q65: -1 | T65: -1 | V65: -1 | W65: =SUM(N65:V65) -> -4 | X65: =L65+W65 -> -7
B66: Net Score | C66: =SUM(C64:C65) -> 4 | D66: =SUM(D64:D65) -> 5 | E66: =SUM(E64:E65) -> 4 | F66: =SUM(F64:F65) -> 6 | G66: =SUM(G64:G65) -> 4 | H66: =SUM(H64:H65) -> 5 | I66: =SUM(I64:I65) -> 3 | J66: =SUM(J64:J65) -> 6 | K66: =SUM(K64:K65) -> 5 | L66: =SUM(C66:K66) -> 42 | M66: Net Score | N66: =SUM(N64:N65) -> 5 | O66: =SUM(O64:O65) -> 5 | P66: =SUM(P64:P65) -> 3 | Q66: =SUM(Q64:Q65) -> 4 | R66: =SUM(R64:R65) -> 6 | S66: =SUM(S64:S65) -> 6 | T66: =SUM(T64:T65) -> 3 | U66: =SUM(U64:U65) -> 6 | V66: =SUM(V64:V65) -> 4 | W66: =SUM(N66:V66) -> 42 | X66: =L66+W66 -> 84
B67: Points | C67: =IF(C66=0,0,IF(C66-C6=-3,3,IF(C66-C6=-2,1.5,IF(C66-C6=-1,0.8,IF(C66-C6=0,0.4,IF(C66-C6=1,0,IF(C66-C6<=2>15,0,_xludf.IF))))))) -> 0.4 | D67: =IF(D66=0,0,IF(D66-D6=-3,3,IF(D66-D6=-2,1.5,IF(D66-D6=-1,0.8,IF(D66-D6=0,0.4,IF(D66-D6=1,0,IF(D66-D6<=2>15,0,_xludf.IF))))))) -> 0 | E67: =IF(E66=0,0,IF(E66-E6=-3,3,IF(E66-E6=-2,1.5,IF(E66-E6=-1,0.8,IF(E66-E6=0,0.4,IF(E66-E6=1,0,IF(E66-E6<=2>15,0,_xludf.IF))))))) -> 0 | F67: =IF(F66=0,0,IF(F66-F6=-3,3,IF(F66-F6=-2,1.5,IF(F66-F6=-1,0.8,IF(F66-F6=0,0.4,IF(F66-F6=1,0,IF(F66-F6<=2>15,0,_xludf.IF))))))) -> 0 | G67: =IF(G66=0,0,IF(G66-G6=-3,3,IF(G66-G6=-2,1.5,IF(G66-G6=-1,0.8,IF(G66-G6=0,0.4,IF(G66-G6=1,0,IF(G66-G6<=2>15,0,_xludf.IF))))))) -> 0.4 | H67: =IF(H66=0,0,IF(H66-H6=-3,3,IF(H66-H6=-2,1.5,IF(H66-H6=-1,0.8,IF(H66-H6=0,0.4,IF(H66-H6=1,0,IF(H66-H6<=2>15,0,_xludf.IF))))))) -> 0 | I67: =IF(I66=0,0,IF(I66-I6=-3,3,IF(I66-I6=-2,1.5,IF(I66-I6=-1,0.8,IF(I66-I6=0,0.4,IF(I66-I6=1,0,IF(I66-I6<=2>15,0,_xludf.IF))))))) -> 0.4 | J67: =IF(J66=0,0,IF(J66-J6=-3,3,IF(J66-J6=-2,1.5,IF(J66-J6=-1,0.8,IF(J66-J6=0,0.4,IF(J66-J6=1,0,IF(J66-J6<=2>15,0,_xludf.IF))))))) -> 0 | K67: =IF(K66=0,0,IF(K66-K6=-3,3,IF(K66-K6=-2,1.5,IF(K66-K6=-1,0.8,IF(K66-K6=0,0.4,IF(K66-K6=1,0,IF(K66-K6<=2>15,0,_xludf.IF))))))) -> 0 | L67: =SUM(C67:K67) -> 1.2 | M67: Points | N67: =IF(N66=0,0,IF(N66-N6=-3,3,IF(N66-N6=-2,1.5,IF(N66-N6=-1,0.8,IF(N66-N6=0,0.4,IF(N66-N6=1,0,IF(N66-N6<=2>15,0,_xludf.IF))))))) -> 0 | O67: =IF(O66=0,0,IF(O66-O6=-3,3,IF(O66-O6=-2,1.5,IF(O66-O6=-1,0.8,IF(O66-O6=0,0.4,IF(O66-O6=1,0,IF(O66-O6<=2>15,0,_xludf.IF))))))) -> 0 | P67: =IF(P66=0,0,IF(P66-P6=-3,3,IF(P66-P6=-2,1.5,IF(P66-P6=-1,0.8,IF(P66-P6=0,0.4,IF(P66-P6=1,0,IF(P66-P6<=2>15,0,_xludf.IF))))))) -> 0.4 | Q67: =IF(Q66=0,0,IF(Q66-Q6=-3,3,IF(Q66-Q6=-2,1.5,IF(Q66-Q6=-1,0.8,IF(Q66-Q6=0,0.4,IF(Q66-Q6=1,0,IF(Q66-Q6<=2>15,0,_xludf.IF))))))) -> 0.4 | R67: =IF(R66=0,0,IF(R66-R6=-3,3,IF(R66-R6=-2,1.5,IF(R66-R6=-1,0.8,IF(R66-R6=0,0.4,IF(R66-R6=1,0,IF(R66-R6<=2>15,0,_xludf.IF))))))) -> 0 | S67: =IF(S66=0,0,IF(S66-S6=-3,3,IF(S66-S6=-2,1.5,IF(S66-S6=-1,0.8,IF(S66-S6=0,0.4,IF(S66-S6=1,0,IF(S66-S6<=2>15,0,_xludf.IF))))))) -> 0 | T67: =IF(T66=0,0,IF(T66-T6=-3,3,IF(T66-T6=-2,1.5,IF(T66-T6=-1,0.8,IF(T66-T6=0,0.4,IF(T66-T6=1,0,IF(T66-T6<=2>15,0,_xludf.IF))))))) -> 0.8 | U67: =IF(U66=0,0,IF(U66-U6=-3,3,IF(U66-U6=-2,1.5,IF(U66-U6=-1,0.8,IF(U66-U6=0,0.4,IF(U66-U6=1,0,IF(U66-U6<=2>15,0,_xludf.IF))))))) -> 0 | V67: =IF(V66=0,0,IF(V66-V6=-3,3,IF(V66-V6=-2,1.5,IF(V66-V6=-1,0.8,IF(V66-V6=0,0.4,IF(V66-V6=1,0,IF(V66-V6<=2>15,0,_xludf.IF))))))) -> 0.8 | W67: =SUM(N67:V67) -> 2.4 | X67: =L67+W67 -> 3.6
A68: Trock | B68: Gross Score | C68: 9 | D68: 5 | E68: 4 | F68: 5 | G68: 9 | H68: 4 | I68: 4 | J68: 7 | K68: 6 | L68: =SUM(C68:K68) -> 53 | M68: Gross Score | N68: 8 | O68: 6 | P68: 5 | Q68: 8 | R68: 10 | S68: 7 | T68: 6 | U68: 5 | V68: 6 | W68: =SUM(N68:V68) -> 61 | X68: =L68+W68 -> 114
A69: 18 | B69: Handicap | C69: -1 | D69: -1 | E69: -1 | F69: -1 | G69: -1 | H69: -1 | I69: -1 | J69: -1 | K69: -1 | L69: =SUM(C69:K69) -> -9 | M69: Handicap | N69: -1 | O69: -1 | P69: -1 | Q69: -1 | R69: -1 | S69: -1 | T69: -1 | U69: -1 | V69: -1 | W69: =SUM(N69:V69) -> -9 | X69: =L69+W69 -> -18
B70: Net Score | C70: =SUM(C68:C69) -> 8 | D70: =SUM(D68:D69) -> 4 | E70: =SUM(E68:E69) -> 3 | F70: =SUM(F68:F69) -> 4 | G70: =SUM(G68:G69) -> 8 | H70: =SUM(H68:H69) -> 3 | I70: =SUM(I68:I69) -> 3 | J70: =SUM(J68:J69) -> 6 | K70: =SUM(K68:K69) -> 5 | L70: =SUM(C70:K70) -> 44 | M70: Net Score | N70: =SUM(N68:N69) -> 7 | O70: =SUM(O68:O69) -> 5 | P70: =SUM(P68:P69) -> 4 | Q70: =SUM(Q68:Q69) -> 7 | R70: =SUM(R68:R69) -> 9 | S70: =SUM(S68:S69) -> 6 | T70: =SUM(T68:T69) -> 5 | U70: =SUM(U68:U69) -> 4 | V70: =SUM(V68:V69) -> 5 | W70: =SUM(N70:V70) -> 52 | X70: =L70+W70 -> 96
B71: Points | C71: =IF(C70=0,0,IF(C70-C6=-3,3,IF(C70-C6=-2,1.5,IF(C70-C6=-1,0.8,IF(C70-C6=0,0.4,IF(C70-C6=1,0,IF(C70-C6<=2>15,0,_xludf.IF))))))) -> 0 | D71: =IF(D70=0,0,IF(D70-D6=-3,3,IF(D70-D6=-2,1.5,IF(D70-D6=-1,0.8,IF(D70-D6=0,0.4,IF(D70-D6=1,0,IF(D70-D6<=2>15,0,_xludf.IF))))))) -> 0.4 | E71: =IF(E70=0,0,IF(E70-E6=-3,3,IF(E70-E6=-2,1.5,IF(E70-E6=-1,0.8,IF(E70-E6=0,0.4,IF(E70-E6=1,0,IF(E70-E6<=2>15,0,_xludf.IF))))))) -> 0.4 | F71: =IF(F70=0,0,IF(F70-F6=-3,3,IF(F70-F6=-2,1.5,IF(F70-F6=-1,0.8,IF(F70-F6=0,0.4,IF(F70-F6=1,0,IF(F70-F6<=2>15,0,_xludf.IF))))))) -> 0.4 | G71: =IF(G70=0,0,IF(G70-G6=-3,3,IF(G70-G6=-2,1.5,IF(G70-G6=-1,0.8,IF(G70-G6=0,0.4,IF(G70-G6=1,0,IF(G70-G6<=2>15,0,_xludf.IF))))))) -> 0 | H71: =IF(H70=0,0,IF(H70-H6=-3,3,IF(H70-H6=-2,1.5,IF(H70-H6=-1,0.8,IF(H70-H6=0,0.4,IF(H70-H6=1,0,IF(H70-H6<=2>15,0,_xludf.IF))))))) -> 0.8 | I71: =IF(I70=0,0,IF(I70-I6=-3,3,IF(I70-I6=-2,1.5,IF(I70-I6=-1,0.8,IF(I70-I6=0,0.4,IF(I70-I6=1,0,IF(I70-I6<=2>15,0,_xludf.IF))))))) -> 0.4 | J71: =IF(J70=0,0,IF(J70-J6=-3,3,IF(J70-J6=-2,1.5,IF(J70-J6=-1,0.8,IF(J70-J6=0,0.4,IF(J70-J6=1,0,IF(J70-J6<=2>15,0,_xludf.IF))))))) -> 0 | K71: =IF(K70=0,0,IF(K70-K6=-3,3,IF(K70-K6=-2,1.5,IF(K70-K6=-1,0.8,IF(K70-K6=0,0.4,IF(K70-K6=1,0,IF(K70-K6<=2>15,0,_xludf.IF))))))) -> 0 | L71: =SUM(C71:K71) -> 2.4 | M71: Points | N71: =IF(N70=0,0,IF(N70-N6=-3,3,IF(N70-N6=-2,1.5,IF(N70-N6=-1,0.8,IF(N70-N6=0,0.4,IF(N70-N6=1,0,IF(N70-N6<=2>15,0,_xludf.IF))))))) -> 0 | O71: =IF(O70=0,0,IF(O70-O6=-3,3,IF(O70-O6=-2,1.5,IF(O70-O6=-1,0.8,IF(O70-O6=0,0.4,IF(O70-O6=1,0,IF(O70-O6<=2>15,0,_xludf.IF))))))) -> 0 | P71: =IF(P70=0,0,IF(P70-P6=-3,3,IF(P70-P6=-2,1.5,IF(P70-P6=-1,0.8,IF(P70-P6=0,0.4,IF(P70-P6=1,0,IF(P70-P6<=2>15,0,_xludf.IF))))))) -> 0 | Q71: =IF(Q70=0,0,IF(Q70-Q6=-3,3,IF(Q70-Q6=-2,1.5,IF(Q70-Q6=-1,0.8,IF(Q70-Q6=0,0.4,IF(Q70-Q6=1,0,IF(Q70-Q6<=2>15,0,_xludf.IF))))))) -> 0 | R71: =IF(R70=0,0,IF(R70-R6=-3,3,IF(R70-R6=-2,1.5,IF(R70-R6=-1,0.8,IF(R70-R6=0,0.4,IF(R70-R6=1,0,IF(R70-R6<=2>15,0,_xludf.IF))))))) -> 0 | S71: =IF(S70=0,0,IF(S70-S6=-3,3,IF(S70-S6=-2,1.5,IF(S70-S6=-1,0.8,IF(S70-S6=0,0.4,IF(S70-S6=1,0,IF(S70-S6<=2>15,0,_xludf.IF))))))) -> 0 | T71: =IF(T70=0,0,IF(T70-T6=-3,3,IF(T70-T6=-2,1.5,IF(T70-T6=-1,0.8,IF(T70-T6=0,0.4,IF(T70-T6=1,0,IF(T70-T6<=2>15,0,_xludf.IF))))))) -> 0 | U71: =IF(U70=0,0,IF(U70-U6=-3,3,IF(U70-U6=-2,1.5,IF(U70-U6=-1,0.8,IF(U70-U6=0,0.4,IF(U70-U6=1,0,IF(U70-U6<=2>15,0,_xludf.IF))))))) -> 0 | V71: =IF(V70=0,0,IF(V70-V6=-3,3,IF(V70-V6=-2,1.5,IF(V70-V6=-1,0.8,IF(V70-V6=0,0.4,IF(V70-V6=1,0,IF(V70-V6<=2>15,0,_xludf.IF))))))) -> 0.4 | W71: =SUM(N71:V71) -> 0.4 | X71: =L71+W71 -> 2.8
A72: Tophe | B72: Gross Score | C72: 6 | D72: 7 | E72: 5 | F72: 4 | G72: 6 | H72: 6 | I72: 4 | J72: 6 | K72: 4 | L72: =SUM(C72:K72) -> 48 | M72: Gross Score | N72: 5 | O72: 5 | P72: 4 | Q72: 7 | R72: 7 | S72: 6 | T72: 6 | U72: 4 | V72: 4 | W72: =SUM(N72:V72) -> 48 | X72: =L72+W72 -> 96
A73: 4 | B73: Handicap | H73: -1 | J73: -1 | L73: =SUM(C73:K73) -> -2 | M73: Handicap | T73: -1 | V73: -1 | W73: =SUM(N73:V73) -> -2 | X73: =L73+W73 -> -4
B74: Net Score | C74: =SUM(C72:C73) -> 6 | D74: =SUM(D72:D73) -> 7 | E74: =SUM(E72:E73) -> 5 | F74: =SUM(F72:F73) -> 4 | G74: =SUM(G72:G73) -> 6 | H74: =SUM(H72:H73) -> 5 | I74: =SUM(I72:I73) -> 4 | J74: =SUM(J72:J73) -> 5 | K74: =SUM(K72:K73) -> 4 | L74: =SUM(C74:K74) -> 46 | M74: Net Score | N74: =SUM(N72:N73) -> 5 | O74: =SUM(O72:O73) -> 5 | P74: =SUM(P72:P73) -> 4 | Q74: =SUM(Q72:Q73) -> 7 | R74: =SUM(R72:R73) -> 7 | S74: =SUM(S72:S73) -> 6 | T74: =SUM(T72:T73) -> 5 | U74: =SUM(U72:U73) -> 4 | V74: =SUM(V72:V73) -> 3 | W74: =SUM(N74:V74) -> 46 | X74: =L74+W74 -> 92
B75: Points | C75: =IF(C74=0,0,IF(C74-C6=-3,3,IF(C74-C6=-2,1.5,IF(C74-C6=-1,0.8,IF(C74-C6=0,0.4,IF(C74-C6=1,0,IF(C74-C6<=2>15,0,_xludf.IF))))))) -> 0 | D75: =IF(D74=0,0,IF(D74-D6=-3,3,IF(D74-D6=-2,1.5,IF(D74-D6=-1,0.8,IF(D74-D6=0,0.4,IF(D74-D6=1,0,IF(D74-D6<=2>15,0,_xludf.IF))))))) -> 0 | E75: =IF(E74=0,0,IF(E74-E6=-3,3,IF(E74-E6=-2,1.5,IF(E74-E6=-1,0.8,IF(E74-E6=0,0.4,IF(E74-E6=1,0,IF(E74-E6<=2>15,0,_xludf.IF))))))) -> 0 | F75: =IF(F74=0,0,IF(F74-F6=-3,3,IF(F74-F6=-2,1.5,IF(F74-F6=-1,0.8,IF(F74-F6=0,0.4,IF(F74-F6=1,0,IF(F74-F6<=2>15,0,_xludf.IF))))))) -> 0.4 | G75: =IF(G74=0,0,IF(G74-G6=-3,3,IF(G74-G6=-2,1.5,IF(G74-G6=-1,0.8,IF(G74-G6=0,0.4,IF(G74-G6=1,0,IF(G74-G6<=2>15,0,_xludf.IF))))))) -> 0 | H75: =IF(H74=0,0,IF(H74-H6=-3,3,IF(H74-H6=-2,1.5,IF(H74-H6=-1,0.8,IF(H74-H6=0,0.4,IF(H74-H6=1,0,IF(H74-H6<=2>15,0,_xludf.IF))))))) -> 0 | I75: =IF(I74=0,0,IF(I74-I6=-3,3,IF(I74-I6=-2,1.5,IF(I74-I6=-1,0.8,IF(I74-I6=0,0.4,IF(I74-I6=1,0,IF(I74-I6<=2>15,0,_xludf.IF))))))) -> 0 | J75: =IF(J74=0,0,IF(J74-J6=-3,3,IF(J74-J6=-2,1.5,IF(J74-J6=-1,0.8,IF(J74-J6=0,0.4,IF(J74-J6=1,0,IF(J74-J6<=2>15,0,_xludf.IF))))))) -> 0.4 | K75: =IF(K74=0,0,IF(K74-K6=-3,3,IF(K74-K6=-2,1.5,IF(K74-K6=-1,0.8,IF(K74-K6=0,0.4,IF(K74-K6=1,0,IF(K74-K6<=2>15,0,_xludf.IF))))))) -> 0.4 | L75: =SUM(C75:K75) -> 1.2 | M75: Points | N75: =IF(N74=0,0,IF(N74-N6=-3,3,IF(N74-N6=-2,1.5,IF(N74-N6=-1,0.8,IF(N74-N6=0,0.4,IF(N74-N6=1,0,IF(N74-N6<=2>15,0,_xludf.IF))))))) -> 0 | O75: =IF(O74=0,0,IF(O74-O6=-3,3,IF(O74-O6=-2,1.5,IF(O74-O6=-1,0.8,IF(O74-O6=0,0.4,IF(O74-O6=1,0,IF(O74-O6<=2>15,0,_xludf.IF))))))) -> 0 | P75: =IF(P74=0,0,IF(P74-P6=-3,3,IF(P74-P6=-2,1.5,IF(P74-P6=-1,0.8,IF(P74-P6=0,0.4,IF(P74-P6=1,0,IF(P74-P6<=2>15,0,_xludf.IF))))))) -> 0 | Q75: =IF(Q74=0,0,IF(Q74-Q6=-3,3,IF(Q74-Q6=-2,1.5,IF(Q74-Q6=-1,0.8,IF(Q74-Q6=0,0.4,IF(Q74-Q6=1,0,IF(Q74-Q6<=2>15,0,_xludf.IF))))))) -> 0 | R75: =IF(R74=0,0,IF(R74-R6=-3,3,IF(R74-R6=-2,1.5,IF(R74-R6=-1,0.8,IF(R74-R6=0,0.4,IF(R74-R6=1,0,IF(R74-R6<=2>15,0,_xludf.IF))))))) -> 0 | S75: =IF(S74=0,0,IF(S74-S6=-3,3,IF(S74-S6=-2,1.5,IF(S74-S6=-1,0.8,IF(S74-S6=0,0.4,IF(S74-S6=1,0,IF(S74-S6<=2>15,0,_xludf.IF))))))) -> 0 | T75: =IF(T74=0,0,IF(T74-T6=-3,3,IF(T74-T6=-2,1.5,IF(T74-T6=-1,0.8,IF(T74-T6=0,0.4,IF(T74-T6=1,0,IF(T74-T6<=2>15,0,_xludf.IF))))))) -> 0 | U75: =IF(U74=0,0,IF(U74-U6=-3,3,IF(U74-U6=-2,1.5,IF(U74-U6=-1,0.8,IF(U74-U6=0,0.4,IF(U74-U6=1,0,IF(U74-U6<=2>15,0,_xludf.IF))))))) -> 0 | V75: =IF(V74=0,0,IF(V74-V6=-3,3,IF(V74-V6=-2,1.5,IF(V74-V6=-1,0.8,IF(V74-V6=0,0.4,IF(V74-V6=1,0,IF(V74-V6<=2>15,0,_xludf.IF))))))) -> 1.5 | W75: =SUM(N75:V75) -> 1.5 | X75: =L75+W75 -> 2.7
A76: Pete | B76: Gross Score | C76: 5 | D76: 6 | E76: 2 | F76: 5 | G76: 6 | H76: 4 | I76: 4 | J76: 5 | K76: 5 | L76: =SUM(C76:K76) -> 42 | M76: Gross Score | N76: 5 | O76: 6 | P76: 4 | Q76: 4 | R76: 7 | S76: 6 | T76: 5 | U76: 6 | V76: 5 | W76: =SUM(N76:V76) -> 48 | X76: =L76+W76 -> 90
A77: 7 | B77: Handicap | C77: -1 | H77: -1 | J77: -1 | L77: =SUM(C77:K77) -> -3 | M77: Handicap | O77: -1 | Q77: -1 | T77: -1 | V77: -1 | W77: =SUM(N77:V77) -> -4 | X77: =L77+W77 -> -7
B78: Net Score | C78: =SUM(C76:C77) -> 4 | D78: =SUM(D76:D77) -> 6 | E78: =SUM(E76:E77) -> 2 | F78: =SUM(F76:F77) -> 5 | G78: =SUM(G76:G77) -> 6 | H78: =SUM(H76:H77) -> 3 | I78: =SUM(I76:I77) -> 4 | J78: =SUM(J76:J77) -> 4 | K78: =SUM(K76:K77) -> 5 | L78: =SUM(C78:K78) -> 39 | M78: Net Score | N78: =SUM(N76:N77) -> 5 | O78: =SUM(O76:O77) -> 5 | P78: =SUM(P76:P77) -> 4 | Q78: =SUM(Q76:Q77) -> 3 | R78: =SUM(R76:R77) -> 7 | S78: =SUM(S76:S77) -> 6 | T78: =SUM(T76:T77) -> 4 | U78: =SUM(U76:U77) -> 6 | V78: =SUM(V76:V77) -> 4 | W78: =SUM(N78:V78) -> 44 | X78: =L78+W78 -> 83
B79: Points | C79: =IF(C78=0,0,IF(C78-C6=-3,3,IF(C78-C6=-2,1.5,IF(C78-C6=-1,0.8,IF(C78-C6=0,0.4,IF(C78-C6=1,0,IF(C78-C6<=2>15,0,_xludf.IF))))))) -> 0.4 | D79: =IF(D78=0,0,IF(D78-D6=-3,3,IF(D78-D6=-2,1.5,IF(D78-D6=-1,0.8,IF(D78-D6=0,0.4,IF(D78-D6=1,0,IF(D78-D6<=2>15,0,_xludf.IF))))))) -> 0 | E79: =IF(E78=0,0,IF(E78-E6=-3,3,IF(E78-E6=-2,1.5,IF(E78-E6=-1,0.8,IF(E78-E6=0,0.4,IF(E78-E6=1,0,IF(E78-E6<=2>15,0,_xludf.IF))))))) -> 0.8 | F79: =IF(F78=0,0,IF(F78-F6=-3,3,IF(F78-F6=-2,1.5,IF(F78-F6=-1,0.8,IF(F78-F6=0,0.4,IF(F78-F6=1,0,IF(F78-F6<=2>15,0,_xludf.IF))))))) -> 0 | G79: =IF(G78=0,0,IF(G78-G6=-3,3,IF(G78-G6=-2,1.5,IF(G78-G6=-1,0.8,IF(G78-G6=0,0.4,IF(G78-G6=1,0,IF(G78-G6<=2>15,0,_xludf.IF))))))) -> 0 | H79: =IF(H78=0,0,IF(H78-H6=-3,3,IF(H78-H6=-2,1.5,IF(H78-H6=-1,0.8,IF(H78-H6=0,0.4,IF(H78-H6=1,0,IF(H78-H6<=2>15,0,_xludf.IF))))))) -> 0.8 | I79: =IF(I78=0,0,IF(I78-I6=-3,3,IF(I78-I6=-2,1.5,IF(I78-I6=-1,0.8,IF(I78-I6=0,0.4,IF(I78-I6=1,0,IF(I78-I6<=2>15,0,_xludf.IF))))))) -> 0 | J79: =IF(J78=0,0,IF(J78-J6=-3,3,IF(J78-J6=-2,1.5,IF(J78-J6=-1,0.8,IF(J78-J6=0,0.4,IF(J78-J6=1,0,IF(J78-J6<=2>15,0,_xludf.IF))))))) -> 0.8 | K79: =IF(K78=0,0,IF(K78-K6=-3,3,IF(K78-K6=-2,1.5,IF(K78-K6=-1,0.8,IF(K78-K6=0,0.4,IF(K78-K6=1,0,IF(K78-K6<=2>15,0,_xludf.IF))))))) -> 0 | L79: =SUM(C79:K79) -> 2.8 | M79: Points | N79: =IF(N78=0,0,IF(N78-N6=-3,3,IF(N78-N6=-2,1.5,IF(N78-N6=-1,0.8,IF(N78-N6=0,0.4,IF(N78-N6=1,0,IF(N78-N6<=2>15,0,_xludf.IF))))))) -> 0 | O79: =IF(O78=0,0,IF(O78-O6=-3,3,IF(O78-O6=-2,1.5,IF(O78-O6=-1,0.8,IF(O78-O6=0,0.4,IF(O78-O6=1,0,IF(O78-O6<=2>15,0,_xludf.IF))))))) -> 0 | P79: =IF(P78=0,0,IF(P78-P6=-3,3,IF(P78-P6=-2,1.5,IF(P78-P6=-1,0.8,IF(P78-P6=0,0.4,IF(P78-P6=1,0,IF(P78-P6<=2>15,0,_xludf.IF))))))) -> 0 | Q79: =IF(Q78=0,0,IF(Q78-Q6=-3,3,IF(Q78-Q6=-2,1.5,IF(Q78-Q6=-1,0.8,IF(Q78-Q6=0,0.4,IF(Q78-Q6=1,0,IF(Q78-Q6<=2>15,0,_xludf.IF))))))) -> 0.8 | R79: =IF(R78=0,0,IF(R78-R6=-3,3,IF(R78-R6=-2,1.5,IF(R78-R6=-1,0.8,IF(R78-R6=0,0.4,IF(R78-R6=1,0,IF(R78-R6<=2>15,0,_xludf.IF))))))) -> 0 | S79: =IF(S78=0,0,IF(S78-S6=-3,3,IF(S78-S6=-2,1.5,IF(S78-S6=-1,0.8,IF(S78-S6=0,0.4,IF(S78-S6=1,0,IF(S78-S6<=2>15,0,_xludf.IF))))))) -> 0 | T79: =IF(T78=0,0,IF(T78-T6=-3,3,IF(T78-T6=-2,1.5,IF(T78-T6=-1,0.8,IF(T78-T6=0,0.4,IF(T78-T6=1,0,IF(T78-T6<=2>15,0,_xludf.IF))))))) -> 0.4 | U79: =IF(U78=0,0,IF(U78-U6=-3,3,IF(U78-U6=-2,1.5,IF(U78-U6=-1,0.8,IF(U78-U6=0,0.4,IF(U78-U6=1,0,IF(U78-U6<=2>15,0,_xludf.IF))))))) -> 0 | V79: =IF(V78=0,0,IF(V78-V6=-3,3,IF(V78-V6=-2,1.5,IF(V78-V6=-1,0.8,IF(V78-V6=0,0.4,IF(V78-V6=1,0,IF(V78-V6<=2>15,0,_xludf.IF))))))) -> 0.8 | W79: =SUM(N79:V79) -> 2 | X79: =L79+W79 -> 4.8
A80: Jimmy | B80: Gross Score | C80: 6 | D80: 6 | E80: 4 | F80: 6 | G80: 5 | H80: 6 | I80: 4 | J80: 7 | K80: 6 | L80: =SUM(C80:K80) -> 50 | M80: Gross Score | N80: 4 | O80: 8 | P80: 7 | Q80: 7 | R80: 6 | S80: 5 | T80: 7 | U80: 5 | V80: 9 | W80: =SUM(N80:V80) -> 58 | X80: =L80+W80 -> 108
A81: 11 | B81: Handicap | C81: -1 | D81: -1 | G81: -1 | H81: -1 | J81: -1 | L81: =SUM(C81:K81) -> -5 | M81: Handicap | N81: -1 | O81: -1 | Q81: -1 | R81: -1 | T81: -1 | V81: -1 | W81: =SUM(N81:V81) -> -6 | X81: =L81+W81 -> -11
B82: Net Score | C82: =SUM(C80:C81) -> 5 | D82: =SUM(D80:D81) -> 5 | E82: =SUM(E80:E81) -> 4 | F82: =SUM(F80:F81) -> 6 | G82: =SUM(G80:G81) -> 4 | H82: =SUM(H80:H81) -> 5 | I82: =SUM(I80:I81) -> 4 | J82: =SUM(J80:J81) -> 6 | K82: =SUM(K80:K81) -> 6 | L82: =SUM(C82:K82) -> 45 | M82: Net Score | N82: =SUM(N80:N81) -> 3 | O82: =SUM(O80:O81) -> 7 | P82: =SUM(P80:P81) -> 7 | Q82: =SUM(Q80:Q81) -> 6 | R82: =SUM(R80:R81) -> 5 | S82: =SUM(S80:S81) -> 5 | T82: =SUM(T80:T81) -> 6 | U82: =SUM(U80:U81) -> 5 | V82: =SUM(V80:V81) -> 8 | W82: =SUM(N82:V82) -> 52 | X82: =L82+W82 -> 97
B83: Points | C83: =IF(C82=0,0,IF(C82-C6=-3,3,IF(C82-C6=-2,1.5,IF(C82-C6=-1,0.8,IF(C82-C6=0,0.4,IF(C82-C6=1,0,IF(C82-C6<=2>15,0,_xludf.IF))))))) -> 0 | D83: =IF(D82=0,0,IF(D82-D6=-3,3,IF(D82-D6=-2,1.5,IF(D82-D6=-1,0.8,IF(D82-D6=0,0.4,IF(D82-D6=1,0,IF(D82-D6<=2>15,0,_xludf.IF))))))) -> 0 | E83: =IF(E82=0,0,IF(E82-E6=-3,3,IF(E82-E6=-2,1.5,IF(E82-E6=-1,0.8,IF(E82-E6=0,0.4,IF(E82-E6=1,0,IF(E82-E6<=2>15,0,_xludf.IF))))))) -> 0 | F83: =IF(F82=0,0,IF(F82-F6=-3,3,IF(F82-F6=-2,1.5,IF(F82-F6=-1,0.8,IF(F82-F6=0,0.4,IF(F82-F6=1,0,IF(F82-F6<=2>15,0,_xludf.IF))))))) -> 0 | G83: =IF(G82=0,0,IF(G82-G6=-3,3,IF(G82-G6=-2,1.5,IF(G82-G6=-1,0.8,IF(G82-G6=0,0.4,IF(G82-G6=1,0,IF(G82-G6<=2>15,0,_xludf.IF))))))) -> 0.4 | H83: =IF(H82=0,0,IF(H82-H6=-3,3,IF(H82-H6=-2,1.5,IF(H82-H6=-1,0.8,IF(H82-H6=0,0.4,IF(H82-H6=1,0,IF(H82-H6<=2>15,0,_xludf.IF))))))) -> 0 | I83: =IF(I82=0,0,IF(I82-I6=-3,3,IF(I82-I6=-2,1.5,IF(I82-I6=-1,0.8,IF(I82-I6=0,0.4,IF(I82-I6=1,0,IF(I82-I6<=2>15,0,_xludf.IF))))))) -> 0 | J83: =IF(J82=0,0,IF(J82-J6=-3,3,IF(J82-J6=-2,1.5,IF(J82-J6=-1,0.8,IF(J82-J6=0,0.4,IF(J82-J6=1,0,IF(J82-J6<=2>15,0,_xludf.IF))))))) -> 0 | K83: =IF(K82=0,0,IF(K82-K6=-3,3,IF(K82-K6=-2,1.5,IF(K82-K6=-1,0.8,IF(K82-K6=0,0.4,IF(K82-K6=1,0,IF(K82-K6<=2>15,0,_xludf.IF))))))) -> 0 | L83: =SUM(C83:K83) -> 0.4 | M83: Points | N83: =IF(N82=0,0,IF(N82-N6=-3,3,IF(N82-N6=-2,1.5,IF(N82-N6=-1,0.8,IF(N82-N6=0,0.4,IF(N82-N6=1,0,IF(N82-N6<=2>15,0,_xludf.IF))))))) -> 0.8 | O83: =IF(O82=0,0,IF(O82-O6=-3,3,IF(O82-O6=-2,1.5,IF(O82-O6=-1,0.8,IF(O82-O6=0,0.4,IF(O82-O6=1,0,IF(O82-O6<=2>15,0,_xludf.IF))))))) -> 0 | P83: =IF(P82=0,0,IF(P82-P6=-3,3,IF(P82-P6=-2,1.5,IF(P82-P6=-1,0.8,IF(P82-P6=0,0.4,IF(P82-P6=1,0,IF(P82-P6<=2>15,0,_xludf.IF))))))) -> 0 | Q83: =IF(Q82=0,0,IF(Q82-Q6=-3,3,IF(Q82-Q6=-2,1.5,IF(Q82-Q6=-1,0.8,IF(Q82-Q6=0,0.4,IF(Q82-Q6=1,0,IF(Q82-Q6<=2>15,0,_xludf.IF))))))) -> 0 | R83: =IF(R82=0,0,IF(R82-R6=-3,3,IF(R82-R6=-2,1.5,IF(R82-R6=-1,0.8,IF(R82-R6=0,0.4,IF(R82-R6=1,0,IF(R82-R6<=2>15,0,_xludf.IF))))))) -> 0.4 | S83: =IF(S82=0,0,IF(S82-S6=-3,3,IF(S82-S6=-2,1.5,IF(S82-S6=-1,0.8,IF(S82-S6=0,0.4,IF(S82-S6=1,0,IF(S82-S6<=2>15,0,_xludf.IF))))))) -> 0 | T83: =IF(T82=0,0,IF(T82-T6=-3,3,IF(T82-T6=-2,1.5,IF(T82-T6=-1,0.8,IF(T82-T6=0,0.4,IF(T82-T6=1,0,IF(T82-T6<=2>15,0,_xludf.IF))))))) -> 0 | U83: =IF(U82=0,0,IF(U82-U6=-3,3,IF(U82-U6=-2,1.5,IF(U82-U6=-1,0.8,IF(U82-U6=0,0.4,IF(U82-U6=1,0,IF(U82-U6<=2>15,0,_xludf.IF))))))) -> 0 | V83: =IF(V82=0,0,IF(V82-V6=-3,3,IF(V82-V6=-2,1.5,IF(V82-V6=-1,0.8,IF(V82-V6=0,0.4,IF(V82-V6=1,0,IF(V82-V6<=2>15,0,_xludf.IF))))))) -> 0 | W83: =SUM(N83:V83) -> 1.2 | X83: =L83+W83 -> 1.6
A84: Harvey | B84: Gross Score | C84: 5 | D84: 7 | E84: 4 | F84: 6 | G84: 7 | H84: 9 | I84: 4 | J84: 6 | K84: 5 | L84: =SUM(C84:K84) -> 53 | M84: Gross Score | N84: 6 | O84: 5 | P84: 4 | Q84: 4 | R84: 7 | S84: 7 | T84: 10 | U84: 4 | V84: 8 | W84: =SUM(N84:V84) -> 55 | X84: =L84+W84 -> 108
A85: 14 | B85: Handicap | C85: -1 | D85: -1 | F85: -1 | G85: -1 | H85: -1 | J85: -1 | K85: -1 | L85: =SUM(C85:K85) -> -7 | M85: Handicap | N85: -1 | O85: -1 | Q85: -1 | R85: -1 | S85: -1 | T85: -1 | V85: -1 | W85: =SUM(N85:V85) -> -7 | X85: =L85+W85 -> -14
B86: Net Score | C86: =SUM(C84:C85) -> 4 | D86: =SUM(D84:D85) -> 6 | E86: =SUM(E84:E85) -> 4 | F86: =SUM(F84:F85) -> 5 | G86: =SUM(G84:G85) -> 6 | H86: =SUM(H84:H85) -> 8 | I86: =SUM(I84:I85) -> 4 | J86: =SUM(J84:J85) -> 5 | K86: =SUM(K84:K85) -> 4 | L86: =SUM(C86:K86) -> 46 | M86: Net Score | N86: =SUM(N84:N85) -> 5 | O86: =SUM(O84:O85) -> 4 | P86: =SUM(P84:P85) -> 4 | Q86: =SUM(Q84:Q85) -> 3 | R86: =SUM(R84:R85) -> 6 | S86: =SUM(S84:S85) -> 6 | T86: =SUM(T84:T85) -> 9 | U86: =SUM(U84:U85) -> 4 | V86: =SUM(V84:V85) -> 7 | W86: =SUM(N86:V86) -> 48 | X86: =L86+W86 -> 94
B87: Points | C87: =IF(C86=0,0,IF(C86-C6=-3,3,IF(C86-C6=-2,1.5,IF(C86-C6=-1,0.8,IF(C86-C6=0,0.4,IF(C86-C6=1,0,IF(C86-C6<=2>15,0,_xludf.IF))))))) -> 0.4 | D87: =IF(D86=0,0,IF(D86-D6=-3,3,IF(D86-D6=-2,1.5,IF(D86-D6=-1,0.8,IF(D86-D6=0,0.4,IF(D86-D6=1,0,IF(D86-D6<=2>15,0,_xludf.IF))))))) -> 0 | E87: =IF(E86=0,0,IF(E86-E6=-3,3,IF(E86-E6=-2,1.5,IF(E86-E6=-1,0.8,IF(E86-E6=0,0.4,IF(E86-E6=1,0,IF(E86-E6<=2>15,0,_xludf.IF))))))) -> 0 | F87: =IF(F86=0,0,IF(F86-F6=-3,3,IF(F86-F6=-2,1.5,IF(F86-F6=-1,0.8,IF(F86-F6=0,0.4,IF(F86-F6=1,0,IF(F86-F6<=2>15,0,_xludf.IF))))))) -> 0 | G87: =IF(G86=0,0,IF(G86-G6=-3,3,IF(G86-G6=-2,1.5,IF(G86-G6=-1,0.8,IF(G86-G6=0,0.4,IF(G86-G6=1,0,IF(G86-G6<=2>15,0,_xludf.IF))))))) -> 0 | H87: =IF(H86=0,0,IF(H86-H6=-3,3,IF(H86-H6=-2,1.5,IF(H86-H6=-1,0.8,IF(H86-H6=0,0.4,IF(H86-H6=1,0,IF(H86-H6<=2>15,0,_xludf.IF))))))) -> 0 | I87: =IF(I86=0,0,IF(I86-I6=-3,3,IF(I86-I6=-2,1.5,IF(I86-I6=-1,0.8,IF(I86-I6=0,0.4,IF(I86-I6=1,0,IF(I86-I6<=2>15,0,_xludf.IF))))))) -> 0 | J87: =IF(J86=0,0,IF(J86-J6=-3,3,IF(J86-J6=-2,1.5,IF(J86-J6=-1,0.8,IF(J86-J6=0,0.4,IF(J86-J6=1,0,IF(J86-J6<=2>15,0,_xludf.IF))))))) -> 0.4 | K87: =IF(K86=0,0,IF(K86-K6=-3,3,IF(K86-K6=-2,1.5,IF(K86-K6=-1,0.8,IF(K86-K6=0,0.4,IF(K86-K6=1,0,IF(K86-K6<=2>15,0,_xludf.IF))))))) -> 0.4 | L87: =SUM(C87:K87) -> 1.2 | M87: Points | N87: =IF(N86=0,0,IF(N86-N6=-3,3,IF(N86-N6=-2,1.5,IF(N86-N6=-1,0.8,IF(N86-N6=0,0.4,IF(N86-N6=1,0,IF(N86-N6<=2>15,0,_xludf.IF))))))) -> 0 | O87: =IF(O86=0,0,IF(O86-O6=-3,3,IF(O86-O6=-2,1.5,IF(O86-O6=-1,0.8,IF(O86-O6=0,0.4,IF(O86-O6=1,0,IF(O86-O6<=2>15,0,_xludf.IF))))))) -> 0.4 | P87: =IF(P86=0,0,IF(P86-P6=-3,3,IF(P86-P6=-2,1.5,IF(P86-P6=-1,0.8,IF(P86-P6=0,0.4,IF(P86-P6=1,0,IF(P86-P6<=2>15,0,_xludf.IF))))))) -> 0 | Q87: =IF(Q86=0,0,IF(Q86-Q6=-3,3,IF(Q86-Q6=-2,1.5,IF(Q86-Q6=-1,0.8,IF(Q86-Q6=0,0.4,IF(Q86-Q6=1,0,IF(Q86-Q6<=2>15,0,_xludf.IF))))))) -> 0.8 | R87: =IF(R86=0,0,IF(R86-R6=-3,3,IF(R86-R6=-2,1.5,IF(R86-R6=-1,0.8,IF(R86-R6=0,0.4,IF(R86-R6=1,0,IF(R86-R6<=2>15,0,_xludf.IF))))))) -> 0 | S87: =IF(S86=0,0,IF(S86-S6=-3,3,IF(S86-S6=-2,1.5,IF(S86-S6=-1,0.8,IF(S86-S6=0,0.4,IF(S86-S6=1,0,IF(S86-S6<=2>15,0,_xludf.IF))))))) -> 0 | T87: =IF(T86=0,0,IF(T86-T6=-3,3,IF(T86-T6=-2,1.5,IF(T86-T6=-1,0.8,IF(T86-T6=0,0.4,IF(T86-T6=1,0,IF(T86-T6<=2>15,0,_xludf.IF))))))) -> 0 | U87: =IF(U86=0,0,IF(U86-U6=-3,3,IF(U86-U6=-2,1.5,IF(U86-U6=-1,0.8,IF(U86-U6=0,0.4,IF(U86-U6=1,0,IF(U86-U6<=2>15,0,_xludf.IF))))))) -> 0 | V87: =IF(V86=0,0,IF(V86-V6=-3,3,IF(V86-V6=-2,1.5,IF(V86-V6=-1,0.8,IF(V86-V6=0,0.4,IF(V86-V6=1,0,IF(V86-V6<=2>15,0,_xludf.IF))))))) -> 0 | W87: =SUM(N87:V87) -> 1.2 | X87: =L87+W87 -> 2.4
A91: Carroll Valley
A92: Saturday, August 19th 2022
C94: 1 | D94: 2 | E94: 3 | F94: 4 | G94: 5 | H94: 6 | I94: 7 | J94: 8 | K94: 9 | L94: In | N94: 10 | O94: 11 | P94: 12 | Q94: 13 | R94: 14 | S94: 15 | T94: 16 | U94: 17 | V94: 18 | W94: In | X94: Out
A95: White Tees | B95: Yards | C95: 485 | D95: 380 | E95: 145 | F95: 562 | G95: 184 | H95: 322 | I95: 385 | J95: 200 | K95: 471 | L95: =SUM(C95:K95) -> 3134 | M95: Yards | N95: 373 | O95: 193 | P95: 524 | Q95: 402 | R95: 405 | S95: 167 | T95: 425 | U95: 537 | V95: 170 | W95: =SUM(N95:V95) -> 3196 | X95: Total
B96: Par | C96: 5 | D96: 4 | E96: 3 | F96: 5 | G96: 3 | H96: 4 | I96: 4 | J96: 3 | K96: 5 | L96: =SUM(C96:K96) -> 36 | M96: Par | N96: 4 | O96: 3 | P96: 5 | Q96: 4 | R96: 4 | S96: 3 | T96: 4 | U96: 5 | V96: 3 | W96: =SUM(N96:V96) -> 35
B97: Handicap | C97: 8 | D97: 7 | E97: 18 | F97: 1 | G97: 15 | H97: 11 | I97: 10 | J97: 12 | K97: 3 | M97: Handicap | N97: 6 | O97: 13 | P97: 4 | Q97: 9 | R97: 5 | S97: 16 | T97: 2 | U97: 14 | V97: 17
A98: Eli | B98: Gross Score | C98: 5 | D98: 7 | E98: 4 | F98: 6 | G98: 4 | H98: 5 | I98: 5 | J98: 5 | K98: 4 | L98: =SUM(C98:K98) -> 45 | M98: Gross Score | N98: 6 | O98: 2 | P98: 7 | Q98: 4 | R98: 4 | S98: 6 | T98: 4 | U98: 5 | V98: 4 | W98: =SUM(N98:V98) -> 42 | X98: =L98+W98 -> 87
A99: 2 | B99: Handicap | F99: -1 | L99: =SUM(C99:K99) -> -1 | M99: Handicap | T99: -1 | W99: =SUM(N99:V99) -> -1 | X99: =L99+W99 -> -2
B100: Net Score | C100: =SUM(C98:C99) -> 5 | D100: =SUM(D98:D99) -> 7 | E100: =SUM(E98:E99) -> 4 | F100: =SUM(F98:F99) -> 5 | G100: =SUM(G98:G99) -> 4 | H100: =SUM(H98:H99) -> 5 | I100: =SUM(I98:I99) -> 5 | J100: =SUM(J98:J99) -> 5 | K100: =SUM(K98:K99) -> 4 | L100: =SUM(C100:K100) -> 44 | M100: Net Score | N100: =SUM(N98:N99) -> 6 | O100: =SUM(O98:O99) -> 2 | P100: =SUM(P98:P99) -> 7 | Q100: =SUM(Q98:Q99) -> 4 | R100: =SUM(R98:R99) -> 4 | S100: =SUM(S98:S99) -> 6 | T100: =SUM(T98:T99) -> 3 | U100: =SUM(U98:U99) -> 5 | V100: =SUM(V98:V99) -> 4 | W100: =SUM(N100:V100) -> 41 | X100: =L100+W100 -> 85
B101: Points | C101: =IF(C100=0,0,IF(C100-C96=-3,3,IF(C100-C96=-2,1.5,IF(C100-C96=-1,0.8,IF(C100-C96=0,0.4,IF(C100-C96=1,0,IF(C100-C96<=2>15,0,_xludf.IF))))))) -> 0.4 | D101: =IF(D100=0,0,IF(D100-D96=-3,3,IF(D100-D96=-2,1.5,IF(D100-D96=-1,0.8,IF(D100-D96=0,0.4,IF(D100-D96=1,0,IF(D100-D96<=2>15,0,_xludf.IF))))))) -> 0 | E101: =IF(E100=0,0,IF(E100-E96=-3,3,IF(E100-E96=-2,1.5,IF(E100-E96=-1,0.8,IF(E100-E96=0,0.4,IF(E100-E96=1,0,IF(E100-E96<=2>15,0,_xludf.IF))))))) -> 0 | F101: =IF(F100=0,0,IF(F100-F96=-3,3,IF(F100-F96=-2,1.5,IF(F100-F96=-1,0.8,IF(F100-F96=0,0.4,IF(F100-F96=1,0,IF(F100-F96<=2>15,0,_xludf.IF))))))) -> 0.4 | G101: =IF(G100=0,0,IF(G100-G96=-3,3,IF(G100-G96=-2,1.5,IF(G100-G96=-1,0.8,IF(G100-G96=0,0.4,IF(G100-G96=1,0,IF(G100-G96<=2>15,0,_xludf.IF))))))) -> 0 | H101: =IF(H100=0,0,IF(H100-H96=-3,3,IF(H100-H96=-2,1.5,IF(H100-H96=-1,0.8,IF(H100-H96=0,0.4,IF(H100-H96=1,0,IF(H100-H96<=2>15,0,_xludf.IF))))))) -> 0 | I101: =IF(I100=0,0,IF(I100-I96=-3,3,IF(I100-I96=-2,1.5,IF(I100-I96=-1,0.8,IF(I100-I96=0,0.4,IF(I100-I96=1,0,IF(I100-I96<=2>15,0,_xludf.IF))))))) -> 0 | J101: =IF(J100=0,0,IF(J100-J96=-3,3,IF(J100-J96=-2,1.5,IF(J100-J96=-1,0.8,IF(J100-J96=0,0.4,IF(J100-J96=1,0,IF(J100-J96<=2>15,0,_xludf.IF))))))) -> 0 | K101: =IF(K100=0,0,IF(K100-K96=-3,3,IF(K100-K96=-2,1.5,IF(K100-K96=-1,0.8,IF(K100-K96=0,0.4,IF(K100-K96=1,0,IF(K100-K96<=2>15,0,_xludf.IF))))))) -> 0.8 | L101: =SUM(C101:K101) -> 1.6 | M101: Points | N101: =IF(N100=0,0,IF(N100-N96=-3,3,IF(N100-N96=-2,1.5,IF(N100-N96=-1,0.8,IF(N100-N96=0,0.4,IF(N100-N96=1,0,IF(N100-N96<=2>15,0,_xludf.IF))))))) -> 0 | O101: =IF(O100=0,0,IF(O100-O96=-3,3,IF(O100-O96=-2,1.5,IF(O100-O96=-1,0.8,IF(O100-O96=0,0.4,IF(O100-O96=1,0,IF(O100-O96<=2>15,0,_xludf.IF))))))) -> 0.8 | P101: =IF(P100=0,0,IF(P100-P96=-3,3,IF(P100-P96=-2,1.5,IF(P100-P96=-1,0.8,IF(P100-P96=0,0.4,IF(P100-P96=1,0,IF(P100-P96<=2>15,0,_xludf.IF))))))) -> 0 | Q101: =IF(Q100=0,0,IF(Q100-Q96=-3,3,IF(Q100-Q96=-2,1.5,IF(Q100-Q96=-1,0.8,IF(Q100-Q96=0,0.4,IF(Q100-Q96=1,0,IF(Q100-Q96<=2>15,0,_xludf.IF))))))) -> 0.4 | R101: =IF(R100=0,0,IF(R100-R96=-3,3,IF(R100-R96=-2,1.5,IF(R100-R96=-1,0.8,IF(R100-R96=0,0.4,IF(R100-R96=1,0,IF(R100-R96<=2>15,0,_xludf.IF))))))) -> 0.4 | S101: =IF(S100=0,0,IF(S100-S96=-3,3,IF(S100-S96=-2,1.5,IF(S100-S96=-1,0.8,IF(S100-S96=0,0.4,IF(S100-S96=1,0,IF(S100-S96<=2>15,0,_xludf.IF))))))) -> 0 | T101: =IF(T100=0,0,IF(T100-T96=-3,3,IF(T100-T96=-2,1.5,IF(T100-T96=-1,0.8,IF(T100-T96=0,0.4,IF(T100-T96=1,0,IF(T100-T96<=2>15,0,_xludf.IF))))))) -> 0.8 | U101: =IF(U100=0,0,IF(U100-U96=-3,3,IF(U100-U96=-2,1.5,IF(U100-U96=-1,0.8,IF(U100-U96=0,0.4,IF(U100-U96=1,0,IF(U100-U96<=2>15,0,_xludf.IF))))))) -> 0.4 | V101: =IF(V100=0,0,IF(V100-V96=-3,3,IF(V100-V96=-2,1.5,IF(V100-V96=-1,0.8,IF(V100-V96=0,0.4,IF(V100-V96=1,0,IF(V100-V96<=2>15,0,_xludf.IF))))))) -> 0 | W101: =SUM(N101:V101) -> 2.8 | X101: =L101+W101 -> 4.4
A102: Matt | B102: Gross Score | C102: 5 | D102: 5 | E102: 4 | F102: 5 | G102: 3 | H102: 5 | I102: 4 | J102: 4 | K102: 8 | L102: =SUM(C102:K102) -> 43 | M102: Gross Score | N102: 5 | O102: 4 | P102: 10 | Q102: 5 | R102: 4 | S102: 6 | T102: 8 | U102: 7 | V102: 3 | W102: =SUM(N102:V102) -> 52 | X102: =L102+W102 -> 95
A103: 5 | B103: Handicap | F103: -1 | K103: -1 | L103: =SUM(C103:K103) -> -2 | M103: Handicap | P103: -1 | R103: -1 | T103: -1 | W103: =SUM(N103:V103) -> -3 | X103: =L103+W103 -> -5
B104: Net Score | C104: =SUM(C102:C103) -> 5 | D104: =SUM(D102:D103) -> 5 | E104: =SUM(E102:E103) -> 4 | F104: =SUM(F102:F103) -> 4 | G104: =SUM(G102:G103) -> 3 | H104: =SUM(H102:H103) -> 5 | I104: =SUM(I102:I103) -> 4 | J104: =SUM(J102:J103) -> 4 | K104: =SUM(K102:K103) -> 7 | L104: =SUM(C104:K104) -> 41 | M104: Net Score | N104: =SUM(N102:N103) -> 5 | O104: =SUM(O102:O103) -> 4 | P104: =SUM(P102:P103) -> 9 | Q104: =SUM(Q102:Q103) -> 5 | R104: =SUM(R102:R103) -> 3 | S104: =SUM(S102:S103) -> 6 | T104: =SUM(T102:T103) -> 7 | U104: =SUM(U102:U103) -> 7 | V104: =SUM(V102:V103) -> 3 | W104: =SUM(N104:V104) -> 49 | X104: =L104+W104 -> 90
B105: Points | C105: =IF(C104=0,0,IF(C104-C96=-3,3,IF(C104-C96=-2,1.5,IF(C104-C96=-1,0.8,IF(C104-C96=0,0.4,IF(C104-C96=1,0,IF(C104-C96<=2>15,0,_xludf.IF))))))) -> 0.4 | D105: =IF(D104=0,0,IF(D104-D96=-3,3,IF(D104-D96=-2,1.5,IF(D104-D96=-1,0.8,IF(D104-D96=0,0.4,IF(D104-D96=1,0,IF(D104-D96<=2>15,0,_xludf.IF))))))) -> 0 | E105: =IF(E104=0,0,IF(E104-E96=-3,3,IF(E104-E96=-2,1.5,IF(E104-E96=-1,0.8,IF(E104-E96=0,0.4,IF(E104-E96=1,0,IF(E104-E96<=2>15,0,_xludf.IF))))))) -> 0 | F105: =IF(F104=0,0,IF(F104-F96=-3,3,IF(F104-F96=-2,1.5,IF(F104-F96=-1,0.8,IF(F104-F96=0,0.4,IF(F104-F96=1,0,IF(F104-F96<=2>15,0,_xludf.IF))))))) -> 0.8 | G105: =IF(G104=0,0,IF(G104-G96=-3,3,IF(G104-G96=-2,1.5,IF(G104-G96=-1,0.8,IF(G104-G96=0,0.4,IF(G104-G96=1,0,IF(G104-G96<=2>15,0,_xludf.IF))))))) -> 0.4 | H105: =IF(H104=0,0,IF(H104-H96=-3,3,IF(H104-H96=-2,1.5,IF(H104-H96=-1,0.8,IF(H104-H96=0,0.4,IF(H104-H96=1,0,IF(H104-H96<=2>15,0,_xludf.IF))))))) -> 0 | I105: =IF(I104=0,0,IF(I104-I96=-3,3,IF(I104-I96=-2,1.5,IF(I104-I96=-1,0.8,IF(I104-I96=0,0.4,IF(I104-I96=1,0,IF(I104-I96<=2>15,0,_xludf.IF))))))) -> 0.4 | J105: =IF(J104=0,0,IF(J104-J96=-3,3,IF(J104-J96=-2,1.5,IF(J104-J96=-1,0.8,IF(J104-J96=0,0.4,IF(J104-J96=1,0,IF(J104-J96<=2>15,0,_xludf.IF))))))) -> 0 | K105: =IF(K104=0,0,IF(K104-K96=-3,3,IF(K104-K96=-2,1.5,IF(K104-K96=-1,0.8,IF(K104-K96=0,0.4,IF(K104-K96=1,0,IF(K104-K96<=2>15,0,_xludf.IF))))))) -> 0 | L105: =SUM(C105:K105) -> 2 | M105: Points | N105: =IF(N104=0,0,IF(N104-N96=-3,3,IF(N104-N96=-2,1.5,IF(N104-N96=-1,0.8,IF(N104-N96=0,0.4,IF(N104-N96=1,0,IF(N104-N96<=2>15,0,_xludf.IF))))))) -> 0 | O105: =IF(O104=0,0,IF(O104-O96=-3,3,IF(O104-O96=-2,1.5,IF(O104-O96=-1,0.8,IF(O104-O96=0,0.4,IF(O104-O96=1,0,IF(O104-O96<=2>15,0,_xludf.IF))))))) -> 0 | P105: =IF(P104=0,0,IF(P104-P96=-3,3,IF(P104-P96=-2,1.5,IF(P104-P96=-1,0.8,IF(P104-P96=0,0.4,IF(P104-P96=1,0,IF(P104-P96<=2>15,0,_xludf.IF))))))) -> 0 | Q105: =IF(Q104=0,0,IF(Q104-Q96=-3,3,IF(Q104-Q96=-2,1.5,IF(Q104-Q96=-1,0.8,IF(Q104-Q96=0,0.4,IF(Q104-Q96=1,0,IF(Q104-Q96<=2>15,0,_xludf.IF))))))) -> 0 | R105: =IF(R104=0,0,IF(R104-R96=-3,3,IF(R104-R96=-2,1.5,IF(R104-R96=-1,0.8,IF(R104-R96=0,0.4,IF(R104-R96=1,0,IF(R104-R96<=2>15,0,_xludf.IF))))))) -> 0.8 | S105: =IF(S104=0,0,IF(S104-S96=-3,3,IF(S104-S96=-2,1.5,IF(S104-S96=-1,0.8,IF(S104-S96=0,0.4,IF(S104-S96=1,0,IF(S104-S96<=2>15,0,_xludf.IF))))))) -> 0 | T105: =IF(T104=0,0,IF(T104-T96=-3,3,IF(T104-T96=-2,1.5,IF(T104-T96=-1,0.8,IF(T104-T96=0,0.4,IF(T104-T96=1,0,IF(T104-T96<=2>15,0,_xludf.IF))))))) -> 0 | U105: =IF(U104=0,0,IF(U104-U96=-3,3,IF(U104-U96=-2,1.5,IF(U104-U96=-1,0.8,IF(U104-U96=0,0.4,IF(U104-U96=1,0,IF(U104-U96<=2>15,0,_xludf.IF))))))) -> 0 | V105: =IF(V104=0,0,IF(V104-V96=-3,3,IF(V104-V96=-2,1.5,IF(V104-V96=-1,0.8,IF(V104-V96=0,0.4,IF(V104-V96=1,0,IF(V104-V96<=2>15,0,_xludf.IF))))))) -> 0.4 | W105: =SUM(N105:V105) -> 1.2 | X105: =L105+W105 -> 3.2
...

Sheet Total Points
B1: Team Blue | F1: Team White | J1: Team Green | N1: Team Black | R1: Team Orange
A2: 2022 Carroll Valley Invitational | B2: Tim | C2: Gunter | D2: Tom K | E2: Uncle Joe | F2: Eli | G2: Matt | H2: Dan | I2: Tommy | J2: Ben | K2: Andrew | L2: Tbone | M2: Rocko | N2: Oaks | O2: Frazier | P2: Vince | Q2: Uncle Mike | R2: Tophe | S2: Pete | T2: Jimmy | U2: Harvey
A3: Golf Points
A4: Closest to the Pin (1 points each) | B4: 2 | E4: 4 | F4: 1 | H4: 1 | I4: 2 | J4: 3 | K4: 1 | L4: 1 | R4: 1 | S4: 1 | T4: 1 | U4: 1
A5: Long Drive (1 points each) | F5: 1 | G5: 1 | Q5: 2 | R5: 1 | T5: 1
A6: Chip or Putt In - Fringe Doesn’t Count (2 Points) - 2 Club lengths if on Fairway. | C6: 2 | F6: 2 | G6: 2 | H6: 2 | O6: 2 | S6: 2 | T6: 2
A7: Pink Ball Challenge (2 Pts per person each round, 2 total) Tie = Pink Ball Score | C7: 2 | E7: 2 | G7: 2 | I7: 2 | L7: 2 | M7: 2 | P7: 2 | Q7: 2
A8: Best Ball Competition Days 1 & 2 w/ Cart Partner (9,8,7,6,5,4,3,2,1,0) | B8: 13 | C8: 16 | D8: 6 | E8: 9 | F8: 11 | G8: 8 | H8: 14 | I8: 11 | J8: 16 | K8: 9 | L8: 12 | M8: 5 | N8: 6 | O8: 3 | P8: 8 | Q8: 5 | R8: 6 | S8: 9 | T8: 5 | U8: 8
A9: Friday Match Play | B9: 5 | C9: 0 | D9: 1.25 | E9: 5 | F9: 0 | G9: 2.5 | H9: 1.25 | I9: 0 | J9: 0 | K9: 2.5 | L9: 5 | M9: 0 | N9: 2.5 | O9: 2.5 | P9: 5 | Q9: 5 | R9: 5 | S9: 5 | T9: 5 | U9: 5
A13: Saturday Golf - Double Eagles (3), Eagles (1.5) Birdies (.8), Pars (.4) | B13: =Golf!X133 -> 4 | C13: =Golf!X137 -> 3.2 | D13: =Golf!X141 -> 1.6 | E13: =Golf!X145 -> 5.9 | F13: =Golf!X101 -> 4.4 | G13: =Golf!X105 -> 3.2 | H13: =Golf!X109 -> 1.6 | I13: =Golf!X113 -> 2 | J13: =Golf!X149 -> 2.8 | K13: =Golf!X153 -> 4 | L13: =Golf!X157 -> 4.3 | M13: =Golf!X161 -> 0.8 | N13: =Golf!X117 -> 3.5 | O13: =Golf!X121 -> 3.6 | P13: =Golf!X125 -> 3.2 | Q13: =Golf!X129 -> 1.2 | R13: =Golf!X165 -> 2.4 | S13: =Golf!X169 -> 2 | T13: =Golf!X173 -> 2.4 | U13: =Golf!X177 -> 5.1
A14: Friday Golf - Double Eagles (3), Eagles (1.5) Birdies (.8), Pars (.4) | B14: =Golf!X43 -> 2.4 | C14: =Golf!X47 -> 4.8 | D14: =Golf!X51 -> 3.2 | E14: =Golf!X55 -> 3.6 | F14: =Golf!X11 -> 4.4 | G14: =Golf!X15 -> 3.2 | H14: =Golf!X19 -> 4.4 | I14: =Golf!X23 -> 6 | J14: =Golf!X59 -> 4.4 | K14: =Golf!X63 -> 3.6 | L14: =Golf!X67 -> 3.6 | M14: =Golf!X71 -> 2.8 | N14: =Golf!X27 -> 2.4 | O14: =Golf!X31 -> 5.5 | P14: =Golf!X35 -> 6.7 | Q14: =Golf!X39 -> 2.4 | R14: =Golf!X75 -> 2.7 | S14: =Golf!X79 -> 4.8 | T14: =Golf!X83 -> 1.6 | U14: =Golf!X87 -> 2.4
A15: Saturday Golf - Four-Man Captains Choice (3,2,1,.5 0 for each 9 and overall) | B15: 8 | C15: 8 | D15: 8 | E15: 8 | F15: 0 | G15: 0 | H15: 0 | I15: 0 | J15: 4 | K15: 4 | L15: 4 | M15: 4 | N15: 6 | O15: 6 | P15: 6 | Q15: 6 | R15: 1.5 | S15: 1.5 | T15: 1.5 | U15: 1.5
A16: Sunday Golf - Two-Man Scramble Team Win (7,6,5,4,3,2,1,0) | B16: 4 | C16: 6 | D16: 6 | E16: 4 | F16: 3 | I16: 3 | J16: 7 | K16: 8 | L16: 8 | M16: 7 | N16: 2 | O16: 5 | P16: 4 | Q16: 2 | R16: 9 | S16: 1 | T16: 1 | U16: 9
A17: Hole in One and longest putt (8 pts regular cup, 5 pts big cup, 2 pts long putt)
A18: Extra-Curricular Points
A19: Poker Friday Heads Up (4,3,2,1 Points)-No for 2019
A20: Alternate Hand Poker Friday (3, 1.5 points)-No for 2019
A21: Sand Bag Toss (3, 1.5 points)
A22: Kan Jam Doubles Saturday (3, 1.5 pts)
A23: Final table Poker(5,4,3,2,1)
A24: Total Individual Points | B24: =SUM(B4:B23) -> 38.4 | C24: =SUM(C4:C23) -> 42 | D24: =SUM(D4:D23) -> 26.05 | E24: =SUM(E4:E23) -> 41.5 | F24: =SUM(F4:F23) -> 26.8 | G24: =SUM(G4:G23) -> 21.9 | H24: =SUM(H4:H23) -> 24.25 | I24: =SUM(I4:I23) -> 26 | ... U24: =SUM(U4:U23) -> 32
A25: Total Team Points | B25: =SUM(B24:E24) -> 147.95 | F25: =SUM(F24:I24) -> 98.95 | J25: =SUM(J24:M24) -> 130.8 | N25: =SUM(N24:Q24) -> 110.5 | R25: =SUM(R24:U24) -> 107.4
A27: ** Tiebreaker in Best Ball or Captains Choice is best net score on # 1 Handicap and so on

Sheet ProAM
C4: Score | D4: Strokes | E4: Net | G4: PAID
A6: Blue | B6: Tim(5) | C6: 0 | D6: 2 | E6: =SUM(C6-D6) -> -2
B7: Matt(11) | D7: 5 | E7: =SUM(C7-D7) -> -5
B8: Ben (11) | D8: 5 | E8: =SUM(C8-D8) -> -5
B9: Bob(16) | D9: 8 | E9: =SUM(C9-D9) -> -8
E10: =SUM(E6:E9) -> -20
A11: Green | B11: Joe(0) | D11: 0 | E11: =SUM(C11-D11) -> 0
B12: Pete(10) | D12: 5 | E12: =SUM(C12-D12) -> -5
B13: Jim(11) | D13: 5 | E13: =SUM(C13-D13) -> -5
B14: Pat(17) | D14: 8 | E14: =SUM(C14-D14) -> -8
E15: =SUM(E11:E14) -> -18
A16: Orange | B16: Tophe(9) | D16: 4 | E16: =SUM(C16-D16) -> -4
B17: Matt F(7) | D17: 3 | E17: =SUM(C17-D17) -> -3
B18: Dan(15) | D18: 7 | E18: =SUM(C18-D18) -> -7
B19: Harvey16) | D19: 8 | E19: =SUM(C19-D19) -> -8
E20: =SUM(E16:E19) -> -22
A21: White | B21: LJ(8) | D21: 4 | E21: =SUM(C21-D21) -> -4
B22: Tbone(11) | D22: 5 | E22: =SUM(C22-D22) -> -5
B23: Tom K(13) | D23: 6 | E23: =SUM(C23-D23) -> -6
B24: Tom W(17) | D24: 8 | E24: =SUM(C24-D24) -> -8
E25: =SUM(E21:E24) -> -23
A26: Black | B26: Matt D | D26: 5 | E26: =SUM(C26-D26) -> -5
B27: Pete | D27: 6 | E27: =SUM(C27-D27) -> -6
B28: Mr. Bob | D28: 7 | E28: =SUM(C28-D28) -> -7
B29: Dan | D29: 9 | E29: =SUM(C29-D29) -> -9
E30: =SUM(E26:E29) -> -27
